PO_ID,Supplier_ID,Product_Category,HS_Code,PO_Date,Quantity,Unit_Cost_USD,Incoterm,Freight_Mode,Promised_Delivery_Date,Actual_Delivery_Date,Customs_Clearance_Days,Defect_Flag,PO_Status,Is_First_Occurrence,Lead_Time_Days,On_Time_Flag,Country,Region,Base_Effective_Rate,Base_Spend_USD,Landed_Cost_Per_Unit,Landed_Spend_USD,Tariff_Dollars,PO_Year_Month
PO-1319,SUP-001,PDU / MEP Equipment,8537.1,2025-01-06,8,2982.5,DDP,Truck,2025-01-22,2025-01-22,1,N,Delivered,1,16,1.0,United States,Domestic,0.0,23860.0,2982.5,23860.0,0.0,2025-01
PO-1013,SUP-001,GPU Servers,8471.5,2025-01-06,2,21585.41,DDP,Air,2025-01-17,2025-01-16,0,N,Delivered,1,10,1.0,United States,Domestic,0.0,43170.82,21585.41,43170.82,0.0,2025-01
PO-1012,SUP-002,GPU Servers,8471.5,2025-01-09,25,17318.17,FOB,Ocean,2025-02-01,2025-02-10,2,N,Delivered,1,32,0.0,Mexico,Nearshore,0.0,432954.24999999994,17318.17,432954.24999999994,0.0,2025-01
PO-1002,SUP-002,GPU Servers,8471.5,2025-01-12,16,16525.27,FOB,Truck,2025-01-29,2025-01-27,3,N,Delivered,1,15,1.0,Mexico,Nearshore,0.0,264404.32,16525.27,264404.32,0.0,2025-01
PO-1125,SUP-002,Network Switches,8517.62,2025-01-13,5,3716.54,CIF,Ocean,2025-02-04,2025-02-02,1,N,Delivered,1,20,1.0,Mexico,Nearshore,0.0,18582.7,3716.54,18582.7,0.0,2025-01
PO-1229,SUP-001,GPU Servers,8471.5,2025-01-15,12,23435.22,DDP,Air,2025-01-28,2025-01-27,0,N,Delivered,1,12,1.0,United States,Domestic,0.0,281222.64,23435.22,281222.64,0.0,2025-01
PO-1230,SUP-001,PDU / MEP Equipment,8537.1,2025-01-18,10,3972.18,DDP,Truck,2025-01-26,2025-01-26,1,N,Delivered,1,8,1.0,United States,Domestic,0.0,39721.799999999996,3972.18,39721.799999999996,0.0,2025-01
PO-1088,SUP-001,PDU / MEP Equipment,8537.1,2025-01-21,5,2844.16,DDP,Air,2025-02-02,2025-02-01,1,N,Delivered,1,11,1.0,United States,Domestic,0.0,14220.8,2844.16,14220.8,0.0,2025-01
PO-1154,SUP-003,Network Switches,8517.62,2025-01-22,12,1921.59,CIF,Ocean,2025-03-08,2025-03-06,12,N,Delivered,1,43,1.0,China,Offshore,0.35,23059.079999999998,2594.1465000000003,31129.758,8070.6780000000035,2025-01
PO-1287,SUP-003,PDU / MEP Equipment,8537.1,2025-01-23,10,2468.63,EXW,Air,2025-02-16,2025-02-14,11,N,Delivered,1,22,1.0,China,Offshore,0.35,24686.300000000003,3332.6505,33326.505000000005,8640.205000000002,2025-01
PO-1314,SUP-002,Network Switches,8517.62,2025-01-25,20,3806.87,CIF,Ocean,2025-02-09,2025-02-21,3,N,Delivered,1,27,0.0,Mexico,Nearshore,0.0,76137.4,3806.87,76137.4,0.0,2025-01
PO-1128,SUP-001,PDU / MEP Equipment,8537.1,2025-01-27,40,3716.76,DDP,Truck,2025-02-09,2025-02-15,1,N,Delivered,1,19,0.0,United States,Domestic,0.0,148670.40000000002,3716.76,148670.40000000002,0.0,2025-01
PO-1107,SUP-003,GPU Servers,8471.5,2025-01-27,8,15164.08,CIF,Ocean,2025-03-15,2025-03-14,4,N,Delivered,1,46,1.0,China,Offshore,0.35,121312.64,20471.508,163772.064,42459.42400000001,2025-01
PO-1095,SUP-001,PDU / MEP Equipment,8537.1,2025-01-28,10,2505.54,FOB,Air,2025-02-06,2025-02-19,1,Y,Delivered,1,22,0.0,United States,Domestic,0.0,25055.4,2505.54,25055.4,0.0,2025-01
PO-1180,SUP-003,Network Switches,8517.62,2025-01-29,25,2458.03,EXW,Ocean,2025-03-03,2025-03-02,12,N,Delivered,1,32,1.0,China,Offshore,0.35,61450.75000000001,3318.3405000000007,82958.51250000001,21507.762500000004,2025-01
PO-1315,SUP-002,Network Switches,8517.62,2025-02-01,2,3382.27,CIF,Truck,2025-02-19,2025-02-17,4,N,Delivered,1,16,1.0,Mexico,Nearshore,0.0,6764.54,3382.27,6764.54,0.0,2025-02
PO-1053,SUP-003,GPU Servers,8471.5,2025-02-02,5,13695.54,EXW,Ocean,2025-03-10,2025-03-09,7,N,Delivered,1,35,1.0,China,Offshore,0.35,68477.70000000001,18488.979000000003,92444.89500000002,23967.195000000007,2025-02
PO-1120,SUP-002,GPU Servers,8471.5,2025-02-04,10,19644.04,CIF,Truck,2025-02-18,2025-02-18,2,N,Delivered,1,14,1.0,Mexico,Nearshore,0.0,196440.40000000002,19644.04,196440.40000000002,0.0,2025-02
PO-1308,SUP-003,PDU / MEP Equipment,8537.1,2025-02-06,25,1788.42,EXW,Ocean,2025-03-06,2025-04-05,10,N,Delivered,1,58,0.0,China,Offshore,0.35,44710.5,2414.367,60359.175,15648.675000000003,2025-02
PO-1233,SUP-003,GPU Servers,8471.5,2025-02-07,16,13522.0,EXW,Ocean,2025-03-08,2025-03-07,5,N,Delivered,1,28,1.0,China,Offshore,0.35,216352.0,18254.7,292075.2,75723.20000000001,2025-02
PO-1210,SUP-003,Network Switches,8517.62,2025-02-07,5,1984.45,CIF,Air,2025-03-12,2025-03-10,8,N,Delivered,1,31,1.0,China,Offshore,0.35,9922.25,2679.0075,13395.0375,3472.7875000000004,2025-02
PO-1079,SUP-003,GPU Servers,8471.5,2025-02-12,10,13636.96,FOB,Ocean,2025-03-18,2025-03-17,11,N,Delivered,1,33,1.0,China,Offshore,0.35,136369.59999999998,18409.896,184098.96000000002,47729.360000000044,2025-02
PO-1198,SUP-003,Network Switches,8517.62,2025-02-13,40,2827.33,FOB,Air,2025-03-22,2025-03-22,10,N,Delivered,1,37,1.0,China,Offshore,0.35,113093.2,3816.8955,152675.82,39582.62000000001,2025-02
PO-1097,SUP-003,GPU Servers,8471.5,2025-02-15,2,13876.49,CIF,Ocean,2025-03-25,2025-03-24,4,N,Delivered,1,37,1.0,China,Offshore,0.35,27752.98,18733.2615,37466.523,9713.543000000001,2025-02
PO-1266,SUP-003,Network Switches,8517.62,2025-02-17,25,2165.52,FOB,Ocean,2025-03-18,2025-04-17,6,N,Delivered,1,59,0.0,China,Offshore,0.35,54138.0,2923.452,73086.3,18948.300000000003,2025-02
PO-1031,SUP-003,Network Switches,8517.62,2025-02-20,10,3380.33,FOB,Air,2025-03-22,2025-03-20,11,N,Delivered,1,28,1.0,China,Offshore,0.35,33803.3,4563.4455,45634.455,11831.154999999999,2025-02
PO-1275,SUP-003,PDU / MEP Equipment,8537.1,2025-02-22,2,2297.91,EXW,Air,2025-03-26,2025-03-25,10,N,Delivered,1,31,1.0,China,Offshore,0.35,4595.82,3102.1785,6204.357,1608.5370000000003,2025-02
PO-1118,SUP-002,GPU Servers,8471.5,2025-02-27,10,,FOB,Truck,2025-03-17,2025-04-06,4,N,Delivered,1,38,0.0,Mexico,Nearshore,0.0,,,,,2025-02
PO-1019,SUP-002,GPU Servers,8471.5,2025-03-02,4,21292.19,CIF,Truck,2025-03-15,2025-03-15,2,N,Delivered,1,13,1.0,Mexico,Nearshore,0.0,85168.76,21292.19,85168.76,0.0,2025-03
PO-1133,SUP-003,Network Switches,8517.62,2025-03-04,10,1953.91,EXW,Ocean,2025-04-04,2025-04-02,8,N,Delivered,1,29,1.0,China,Offshore,0.35,19539.100000000002,2637.7785000000003,26377.785000000003,6838.685000000001,2025-03
PO-1290,SUP-003,PDU / MEP Equipment,8537.1,2025-03-06,4,2104.21,CIF,Ocean,2025-04-09,2025-04-08,7,N,Delivered,1,33,1.0,China,Offshore,0.35,8416.84,2840.6835,11362.734,2945.8940000000002,2025-03
PO-1270,SUP-003,Network Switches,8517.62,2025-03-07,5,1958.97,CIF,Air,2025-04-27,2025-05-07,6,N,Delivered,1,61,0.0,China,Offshore,0.35,9794.85,2644.6095,13223.0475,3428.1975,2025-03
PO-1228,SUP-003,GPU Servers,8471.5,2025-03-07,2,17172.45,FOB,Ocean,2025-04-01,2025-03-30,6,N,Delivered,1,23,1.0,China,Offshore,0.35,34344.9,23182.807500000003,46365.615000000005,12020.715000000004,2025-03
PO-1112,SUP-003,PDU / MEP Equipment,8537.1,2025-03-09,16,1418.55,FOB,Air,2025-04-09,2025-05-06,4,N,Delivered,1,58,0.0,China,Offshore,0.35,22696.8,1915.0425,30640.68,7943.880000000001,2025-03
PO-1206,SUP-003,PDU / MEP Equipment,8537.1,2025-03-10,8,2332.58,EXW,Ocean,2025-04-06,2025-05-10,8,N,Delivered,1,61,0.0,China,Offshore,0.35,18660.64,3148.983,25191.864,6531.224000000002,2025-03
PO-1156,SUP-003,PDU / MEP Equipment,8537.1,2025-03-11,2,1969.01,EXW,Ocean,2025-04-17,2025-05-18,3,N,Delivered,1,68,0.0,China,Offshore,0.35,3938.02,2658.1635,5316.327,1378.3070000000002,2025-03
PO-1016,SUP-001,GPU Servers,8471.5,2025-03-12,25,22605.4,FOB,Truck,2025-03-22,2025-03-22,0,N,Delivered,1,10,1.0,United States,Domestic,0.0,565135.0,22605.4,565135.0,0.0,2025-03
PO-1221,SUP-002,Network Switches,8517.62,2025-03-21,25,4992.43,FOB,Ocean,2025-04-04,2025-04-04,3,N,Delivered,1,14,1.0,Mexico,Nearshore,0.0,124810.75,4992.43,124810.75,0.0,2025-03
PO-1044,SUP-001,PDU / MEP Equipment,8537.1,2025-03-21,40,3193.19,DDP,Air,2025-04-01,2025-04-01,1,N,Delivered,1,11,1.0,United States,Domestic,0.0,127727.6,3193.19,127727.6,0.0,2025-03
PO-1303,SUP-001,PDU / MEP Equipment,8537.1,2025-03-23,16,3844.46,FOB,Truck,2025-04-01,2025-03-30,1,N,Delivered,1,7,1.0,United States,Domestic,0.0,61511.36,3844.46,61511.36,0.0,2025-03
PO-1310,SUP-002,GPU Servers,8471.5,2025-03-23,8,16843.09,CIF,Truck,2025-04-03,2025-04-01,1,N,Delivered,1,9,1.0,Mexico,Nearshore,0.0,134744.72,16843.09,134744.72,0.0,2025-03
PO-1058,SUP-003,PDU / MEP Equipment,8537.1,2025-03-24,8,1408.34,FOB,Ocean,2025-04-29,2025-04-29,12,N,Delivered,1,36,1.0,China,Offshore,0.35,11266.72,1901.259,15210.072,3943.3520000000008,2025-03
PO-1130,SUP-002,Network Switches,8517.62,2025-03-25,25,4969.01,CIF,Ocean,2025-04-15,2025-04-13,2,N,Delivered,1,19,1.0,Mexico,Nearshore,0.0,124225.25,4969.01,124225.25,0.0,2025-03
PO-1236,SUP-002,GPU Servers,8471.5,2025-03-25,8,18522.99,CIF,Ocean,2025-04-11,2025-04-11,4,N,Delivered,1,17,1.0,Mexico,Nearshore,0.0,148183.92,18522.99,148183.92,0.0,2025-03
PO-1232,SUP-001,PDU / MEP Equipment,8537.1,2025-03-27,20,4075.82,FOB,Air,2025-04-11,2025-04-10,0,N,Delivered,1,14,1.0,United States,Domestic,0.0,81516.40000000001,4075.82,81516.40000000001,0.0,2025-03
PO-1004,SUP-003,Network Switches,8517.62,2025-03-27,40,1930.88,FOB,Ocean,2025-05-14,2025-05-14,4,N,Delivered,1,48,1.0,China,Offshore,0.35,77235.20000000001,2606.688,104267.52,27032.319999999992,2025-03
PO-1237,SUP-003,PDU / MEP Equipment,8537.1,2025-03-27,2,1728.09,EXW,Ocean,2025-05-11,2025-05-10,8,N,Delivered,1,44,1.0,China,Offshore,0.35,3456.18,2332.9215,4665.843,1209.663,2025-03
PO-1123,SUP-001,GPU Servers,8471.5,2025-03-30,16,22944.61,DDP,Air,2025-04-07,2025-04-07,1,N,Delivered,1,8,1.0,United States,Domestic,0.0,367113.76,22944.61,367113.76,0.0,2025-03
PO-1332,SUP-001,PDU / MEP Equipment,8537.1,2025-03-30,10,3079.09,DDP,Air,2025-04-04,2025-04-02,1,N,Delivered,1,3,1.0,United States,Domestic,0.0,30790.9,3079.09,30790.9,0.0,2025-03
PO-1146,SUP-003,Network Switches,8517.62,2025-04-01,20,2513.43,EXW,Air,2025-05-09,2025-05-28,4,N,Delivered,1,57,0.0,China,Offshore,0.35,50268.6,3393.1305,67862.61,17594.010000000002,2025-04
PO-1136,SUP-003,Network Switches,8517.62,2025-04-02,2,2090.59,FOB,Air,2025-05-01,2025-04-29,11,N,Delivered,1,27,1.0,China,Offshore,0.35,4181.18,2822.2965000000004,5644.593000000001,1463.4130000000005,2025-04
PO-1251,SUP-002,GPU Servers,8471.5,2025-04-03,12,,FOB,Ocean,2025-04-26,2025-04-24,3,N,Delivered,1,21,1.0,Mexico,Nearshore,0.0,,,,,2025-04
PO-1239,SUP-001,PDU / MEP Equipment,8537.1,2025-04-03,8,3995.05,FOB,Air,2025-04-15,2025-04-14,0,N,Delivered,1,11,1.0,United States,Domestic,0.0,31960.4,3995.05,31960.4,0.0,2025-04
PO-1063,SUP-002,Network Switches,8517.62,2025-04-03,20,4576.34,FOB,Ocean,2025-04-22,2025-04-21,4,N,Delivered,1,18,1.0,Mexico,Nearshore,0.0,91526.8,4576.34,91526.8,0.0,2025-04
PO-1014,SUP-001,GPU Servers,8471.5,2025-04-03,25,22145.27,FOB,Air,2025-04-13,2025-04-11,0,N,Delivered,1,8,1.0,United States,Domestic,0.0,553631.75,22145.27,553631.75,0.0,2025-04
PO-1331,SUP-002,GPU Servers,8471.5,2025-04-05,40,20772.96,FOB,Truck,2025-04-21,2025-04-21,2,N,Delivered,1,16,1.0,Mexico,Nearshore,0.0,830918.3999999999,20772.96,830918.3999999999,0.0,2025-04
PO-1134,SUP-003,PDU / MEP Equipment,8537.1,2025-04-08,16,1743.85,CIF,Ocean,2025-06-01,2025-06-01,10,N,Delivered,1,54,1.0,China,Offshore,0.35,27901.6,2354.1975,37667.16,9765.560000000005,2025-04
PO-1090,SUP-003,GPU Servers,8471.5,2025-04-08,4,17058.01,CIF,Air,2025-05-16,2025-05-14,3,N,Delivered,1,36,1.0,China,Offshore,0.35,68232.04,23028.3135,92113.254,23881.214000000007,2025-04
PO-1082,SUP-002,GPU Servers,8471.5,2025-04-11,20,21378.28,FOB,Ocean,2025-04-25,2025-04-23,3,N,Delivered,1,12,1.0,Mexico,Nearshore,0.0,427565.6,21378.28,427565.6,0.0,2025-04
PO-1140,SUP-003,GPU Servers,8471.5,2025-04-11,25,15395.05,FOB,Air,2025-05-15,2025-05-14,5,N,Delivered,1,33,1.0,China,Offshore,0.35,384876.25,20783.3175,519582.9375,134706.6875,2025-04
PO-1064,SUP-002,Network Switches,8517.62,2025-04-11,8,5121.14,CIF,Ocean,2025-04-30,2025-04-29,3,N,Delivered,1,18,1.0,Mexico,Nearshore,0.0,40969.12,5121.14,40969.12,0.0,2025-04
PO-1117,SUP-001,GPU Servers,8471.5,2025-04-11,12,20401.53,FOB,Air,2025-04-18,2025-04-18,0,N,Delivered,1,7,1.0,United States,Domestic,0.0,244818.36,20401.53,244818.36,0.0,2025-04
PO-1242,SUP-001,PDU / MEP Equipment,8537.1,2025-04-11,16,2634.42,DDP,Air,2025-04-23,2025-04-22,0,Y,Delivered,1,11,1.0,United States,Domestic,0.0,42150.72,2634.42,42150.72,0.0,2025-04
PO-1001,SUP-002,Network Switches,8517.62,2025-04-11,40,4357.18,FOB,Ocean,2025-04-28,2025-04-28,2,Y,Delivered,1,17,1.0,Mexico,Nearshore,0.0,174287.2,4357.18,174287.2,0.0,2025-04
PO-1043,SUP-002,GPU Servers,8471.5,2025-04-11,10,19343.15,FOB,Truck,2025-04-26,2025-04-24,1,N,Delivered,1,13,1.0,Mexico,Nearshore,0.0,193431.5,19343.15,193431.5,0.0,2025-04
PO-1021,SUP-001,GPU Servers,8471.5,2025-04-11,5,21620.41,DDP,Truck,2025-04-19,2025-04-27,1,N,Delivered,1,16,0.0,United States,Domestic,0.0,108102.05,21620.41,108102.05,0.0,2025-04
PO-1003,SUP-001,PDU / MEP Equipment,8537.1,2025-04-15,40,3845.73,FOB,Air,2025-04-26,2025-04-25,0,N,Delivered,1,10,1.0,United States,Domestic,0.0,153829.2,3845.73,153829.2,0.0,2025-04
PO-1282,SUP-003,PDU / MEP Equipment,8537.1,2025-04-18,40,2039.14,FOB,Air,2025-05-20,2025-05-18,8,N,Delivered,1,30,1.0,China,Offshore,0.35,81565.6,2752.8390000000004,110113.56000000001,28547.960000000006,2025-04
PO-1280,SUP-003,PDU / MEP Equipment,8537.1,2025-04-21,5,2014.01,EXW,Ocean,2025-05-30,2025-05-29,4,N,Delivered,1,38,1.0,China,Offshore,0.35,10070.05,2718.9135,13594.567500000001,3524.5175000000017,2025-04
PO-1252,SUP-003,Network Switches,8517.62,2025-04-24,8,2488.37,CIF,Ocean,2025-06-06,2025-06-05,10,N,Delivered,1,42,1.0,China,Offshore,0.35,19906.96,3359.2995,26874.396,6967.4360000000015,2025-04
PO-1231,SUP-003,PDU / MEP Equipment,8537.1,2025-04-25,5,2439.28,CIF,Air,2025-06-14,2025-07-19,8,N,Delivered,1,85,0.0,China,Offshore,0.35,12196.400000000001,3293.0280000000007,16465.140000000003,4268.740000000002,2025-04
PO-1045,SUP-001,GPU Servers,8471.5,2025-04-25,5,21065.25,DDP,Truck,2025-05-11,2025-05-09,0,N,Delivered,1,14,1.0,United States,Domestic,0.0,105326.25,21065.25,105326.25,0.0,2025-04
PO-1305,SUP-003,PDU / MEP Equipment,8537.1,2025-04-27,20,2202.37,FOB,Ocean,2025-06-06,2025-06-04,11,N,Delivered,1,38,1.0,China,Offshore,0.35,44047.399999999994,2973.1995,59463.990000000005,15416.590000000011,2025-04
PO-1011,SUP-003,PDU / MEP Equipment,8537.1,2025-05-03,10,1839.63,FOB,Ocean,2025-06-08,2025-07-14,7,N,Delivered,1,72,0.0,China,Offshore,0.35,18396.300000000003,2483.5005,24835.005,6438.704999999998,2025-05
PO-1207,SUP-003,Network Switches,8517.62,2025-05-05,4,2737.61,FOB,Ocean,2025-06-06,2025-07-09,10,N,Delivered,1,65,0.0,China,Offshore,0.35,10950.44,3695.7735000000002,14783.094000000001,3832.6540000000005,2025-05
PO-1279,SUP-001,PDU / MEP Equipment,8537.1,2025-05-09,5,3620.19,FOB,Air,2025-05-25,2025-06-08,0,N,Delivered,1,30,0.0,United States,Domestic,0.0,18100.95,3620.19,18100.95,0.0,2025-05
PO-1309,SUP-001,GPU Servers,8471.5,2025-05-10,5,21052.62,DDP,Air,2025-05-23,2025-05-21,0,N,Delivered,1,11,1.0,United States,Domestic,0.0,105263.09999999999,21052.62,105263.09999999999,0.0,2025-05
PO-1178,SUP-002,GPU Servers,8471.5,2025-05-11,5,20403.44,CIF,Ocean,2025-05-25,2025-05-23,4,N,Delivered,1,12,1.0,Mexico,Nearshore,0.0,102017.2,20403.44,102017.2,0.0,2025-05
PO-1311,SUP-003,Network Switches,8517.62,2025-05-11,2,2815.93,CIF,Air,2025-06-14,2025-06-13,9,N,Delivered,1,33,1.0,China,Offshore,0.35,5631.86,3801.5055,7603.011,1971.1510000000007,2025-05
PO-1056,SUP-003,PDU / MEP Equipment,8537.1,2025-05-15,40,1673.52,FOB,Air,2025-06-11,2025-06-09,8,N,Delivered,1,25,1.0,China,Offshore,0.35,66940.8,2259.252,90370.08,23429.28,2025-05
PO-1212,SUP-001,PDU / MEP Equipment,8537.1,2025-05-16,2,3617.49,DDP,Air,2025-05-28,2025-05-26,1,N,Delivered,1,10,1.0,United States,Domestic,0.0,7234.98,3617.49,7234.98,0.0,2025-05
PO-1171,SUP-002,GPU Servers,8471.5,2025-05-17,40,21269.96,FOB,Ocean,2025-06-06,2025-06-24,1,N,Delivered,1,38,0.0,Mexico,Nearshore,0.0,850798.3999999999,21269.96,850798.3999999999,0.0,2025-05
PO-1109,SUP-003,PDU / MEP Equipment,8537.1,2025-05-19,4,1429.18,EXW,Ocean,2025-06-14,2025-06-12,3,N,Delivered,1,24,1.0,China,Offshore,0.35,5716.72,1929.3930000000003,7717.572000000001,2000.8520000000008,2025-05
PO-1142,SUP-003,GPU Servers,8471.5,2025-05-20,5,16616.89,CIF,Ocean,2025-06-04,2025-06-02,10,N,Delivered,1,13,1.0,China,Offshore,0.35,83084.45,22432.8015,112164.0075,29079.55750000001,2025-05
PO-1241,SUP-003,PDU / MEP Equipment,8537.1,2025-05-21,20,1554.99,CIF,Air,2025-06-29,2025-06-28,4,N,Delivered,1,38,1.0,China,Offshore,0.35,31099.8,2099.2365,41984.729999999996,10884.929999999997,2025-05
PO-1155,SUP-003,Network Switches,8517.62,2025-05-22,12,2074.11,EXW,Air,2025-06-18,2025-06-18,10,N,Delivered,1,27,1.0,China,Offshore,0.35,24889.32,2800.0485000000003,33600.582,8711.262000000002,2025-05
PO-1084,SUP-003,GPU Servers,8471.5,2025-05-25,16,16722.67,CIF,Air,2025-07-05,2025-07-24,3,N,Delivered,1,60,0.0,China,Offshore,0.35,267562.72,22575.604499999998,361209.67199999996,93646.95199999999,2025-05
PO-1321,SUP-002,GPU Servers,8471.5,2025-05-25,20,21604.15,FOB,Ocean,2025-06-11,2025-06-25,2,N,Delivered,1,31,0.0,Mexico,Nearshore,0.0,432083.0,21604.15,432083.0,0.0,2025-05
PO-1164,SUP-002,Network Switches,8517.62,2025-05-26,12,3248.19,FOB,Truck,2025-06-09,2025-06-08,1,N,Delivered,1,13,1.0,Mexico,Nearshore,0.0,38978.28,3248.19,38978.28,0.0,2025-05
PO-1145,SUP-003,PDU / MEP Equipment,8537.1,2025-05-27,20,2555.18,CIF,Ocean,2025-06-28,2025-07-03,11,N,Delivered,1,37,0.0,China,Offshore,0.35,51103.6,3449.493,68989.86,17886.260000000002,2025-05
PO-1149,SUP-001,PDU / MEP Equipment,8537.1,2025-05-28,20,3557.73,FOB,Truck,2025-06-07,2025-06-06,1,N,Delivered,1,9,1.0,United States,Domestic,0.0,71154.6,3557.73,71154.6,0.0,2025-05
PO-1020,SUP-001,PDU / MEP Equipment,8537.1,2025-05-29,20,2792.25,FOB,Air,2025-06-12,2025-06-11,0,N,Delivered,1,13,1.0,United States,Domestic,0.0,55845.0,2792.25,55845.0,0.0,2025-05
PO-1254,SUP-003,GPU Servers,8471.5,2025-05-31,20,15267.15,CIF,Air,2025-07-01,2025-06-30,8,N,Delivered,1,30,1.0,China,Offshore,0.35,305343.0,20610.6525,412213.05,106870.04999999999,2025-05
PO-1320,SUP-001,GPU Servers,8471.5,2025-05-31,12,23483.72,DDP,Air,2025-06-13,2025-06-13,0,N,Delivered,1,13,1.0,United States,Domestic,0.0,281804.64,23483.72,281804.64,0.0,2025-05
PO-1307,SUP-003,Network Switches,8517.62,2025-06-06,12,2319.97,EXW,Air,2025-07-16,2025-07-14,7,N,Delivered,1,38,1.0,China,Offshore,0.35,27839.64,3131.9595,37583.513999999996,9743.873999999996,2025-06
PO-1113,SUP-003,Network Switches,8517.62,2025-06-06,40,3292.48,CIF,Air,2025-07-16,2025-07-15,9,N,Delivered,1,39,1.0,China,Offshore,0.35,131699.2,4444.848,177793.91999999998,46094.71999999997,2025-06
PO-1032,SUP-001,GPU Servers,8471.5,2025-06-07,40,18533.13,DDP,Truck,2025-06-16,2025-06-15,0,N,Delivered,1,8,1.0,United States,Domestic,0.0,741325.2000000001,18533.13,741325.2000000001,0.0,2025-06
PO-1070,SUP-002,Network Switches,8517.62,2025-06-10,10,3404.28,FOB,Truck,2025-06-27,2025-06-27,4,N,Delivered,1,17,1.0,Mexico,Nearshore,0.0,34042.8,3404.28,34042.8,0.0,2025-06
PO-1049,SUP-001,PDU / MEP Equipment,8537.1,2025-06-11,16,3635.55,DDP,Air,2025-06-24,2025-06-22,0,N,Delivered,1,11,1.0,United States,Domestic,0.0,58168.8,3635.55,58168.8,0.0,2025-06
PO-1172,SUP-003,GPU Servers,8471.5,2025-06-11,12,13141.71,EXW,Air,2025-07-17,2025-07-15,11,N,Delivered,1,34,1.0,China,Offshore,0.35,157700.52,17741.3085,212895.702,55195.182,2025-06
PO-1174,SUP-003,GPU Servers,8471.5,2025-06-12,40,13367.19,CIF,Ocean,2025-07-10,2025-07-10,3,N,Delivered,1,28,1.0,China,Offshore,0.35,534687.6,18045.7065,721828.26,187140.66000000003,2025-06
PO-1104,SUP-002,GPU Servers,8471.5,2025-06-13,4,21195.46,CIF,Ocean,2025-06-30,2025-07-21,1,N,Delivered,1,38,0.0,Mexico,Nearshore,0.0,84781.84,21195.46,84781.84,0.0,2025-06
PO-1289,SUP-002,Network Switches,8517.62,2025-06-14,40,4146.73,FOB,Ocean,2025-07-05,2025-07-04,4,N,Delivered,1,20,1.0,Mexico,Nearshore,0.0,165869.19999999998,4146.73,165869.19999999998,0.0,2025-06
PO-1122,SUP-002,gpu servers,8471.5,2025-06-16,12,21113.29,FOB,Truck,2025-07-04,2025-07-04,2,N,Delivered,1,18,1.0,Mexico,Nearshore,0.0,253359.48,21113.29,253359.48,0.0,2025-06
PO-1316,SUP-002,Network Switches,8517.62,2025-06-18,8,3634.75,FOB,Truck,2025-07-10,2025-07-10,4,N,Delivered,1,22,1.0,Mexico,Nearshore,0.0,29078.0,3634.75,29078.0,0.0,2025-06
PO-1057,SUP-001,GPU Servers,8471.5,2025-06-22,40,21062.65,DDP,Air,2025-07-03,2025-07-07,1,Y,Delivered,1,15,0.0,United States,Domestic,0.0,842506.0,21062.65,842506.0,0.0,2025-06
PO-1329,SUP-003,Network Switches,8517.62,2025-06-23,5,2684.6,FOB,Ocean,2025-07-23,2025-07-22,6,Y,Delivered,1,29,1.0,China,Offshore,0.35,13423.0,3624.21,18121.05,4698.049999999999,2025-06
PO-1281,SUP-002,Network Switches,8517.62,2025-06-23,8,4217.44,FOB,Ocean,2025-07-12,2025-07-12,4,N,Delivered,1,19,1.0,Mexico,Nearshore,0.0,33739.52,4217.44,33739.52,0.0,2025-06
PO-1256,SUP-003,GPU Servers,8471.5,2025-06-23,25,16939.35,EXW,Air,2025-08-10,2025-08-27,11,N,Delivered,1,65,0.0,China,Offshore,0.35,423483.74999999994,22868.1225,571703.0625,148219.31250000006,2025-06
PO-1277,SUP-001,PDU / MEP Equipment,8537.1,2025-06-24,10,3120.59,FOB,Air,2025-07-04,2025-07-04,0,N,Delivered,1,10,1.0,United States,Domestic,0.0,31205.9,3120.59,31205.9,0.0,2025-06
PO-1326,SUP-002,GPU Servers,8471.5,2025-06-25,16,17329.11,CIF,Truck,2025-07-14,2025-07-30,4,N,Delivered,1,35,0.0,Mexico,Nearshore,0.0,277265.76,17329.11,277265.76,0.0,2025-06
PO-1294,SUP-002,GPU Servers,8471.5,2025-06-25,4,18194.14,FOB,Truck,2025-07-16,2025-07-15,1,N,Delivered,1,20,1.0,Mexico,Nearshore,0.0,72776.56,18194.14,72776.56,0.0,2025-06
PO-1292,SUP-002,GPU Servers,8471.5,2025-06-25,10,17789.15,FOB,Truck,2025-07-08,2025-07-08,3,N,Delivered,1,13,1.0,Mexico,Nearshore,0.0,177891.5,17789.15,177891.5,0.0,2025-06
PO-1244,SUP-002,Network Switches,8517.62,2025-06-26,10,3338.47,FOB,Ocean,2025-07-07,2025-07-06,3,N,Delivered,1,10,1.0,Mexico,Nearshore,0.0,33384.7,3338.47,33384.7,0.0,2025-06
PO-1265,SUP-001,PDU / MEP Equipment,8537.1,2025-06-27,20,2527.41,FOB,Truck,2025-07-11,2025-07-11,1,N,Delivered,1,14,1.0,United States,Domestic,0.0,50548.2,2527.41,50548.2,0.0,2025-06
PO-1269,SUP-002,GPU Servers,8471.5,2025-06-27,10,18239.91,CIF,Truck,2025-07-10,2025-07-10,2,N,Delivered,1,13,1.0,Mexico,Nearshore,0.0,182399.1,18239.91,182399.1,0.0,2025-06
PO-1262,SUP-002,GPU Servers,8471.5,2025-07-02,10,17218.53,CIF,Ocean,2025-07-21,2025-07-20,1,N,Delivered,1,18,1.0,Mexico,Nearshore,0.0,172185.3,17218.53,172185.3,0.0,2025-07
PO-1041,SUP-002,GPU Servers,8471.5,2025-07-03,16,18844.4,FOB,Ocean,2025-07-26,2025-07-25,3,N,Delivered,1,22,1.0,Mexico,Nearshore,0.0,301510.4,18844.4,301510.4,0.0,2025-07
PO-1291,SUP-003,GPU Servers,8471.5,2025-07-04,5,16378.11,EXW,Air,2025-07-30,2025-07-30,8,N,Delivered,1,26,1.0,China,Offshore,0.35,81890.55,22110.448500000002,110552.24250000001,28661.692500000005,2025-07
PO-1126,SUP-001,PDU / MEP Equipment,8537.1,2025-07-04,8,3847.44,DDP,Truck,2025-07-17,2025-07-17,1,N,Delivered,1,13,1.0,United States,Domestic,0.0,30779.52,3847.44,30779.52,0.0,2025-07
PO-1317,SUP-002,Network Switches,8517.62,2025-07-05,12,4531.16,FOB,Ocean,2025-07-20,2025-07-19,2,N,Delivered,1,14,1.0,Mexico,Nearshore,0.0,54373.92,4531.16,54373.92,0.0,2025-07
PO-1067,SUP-001,PDU / MEP Equipment,8537.1,2025-07-08,25,,FOB,Truck,2025-07-19,2025-07-19,1,N,Delivered,1,11,1.0,United States,Domestic,0.0,,,,,2025-07
PO-1323,SUP-002,Network Switches,8517.62,2025-07-11,8,3480.59,FOB,Ocean,2025-07-26,2025-07-26,2,N,Delivered,1,15,1.0,Mexico,Nearshore,0.0,27844.72,3480.59,27844.72,0.0,2025-07
PO-1333,SUP-001,PDU / MEP Equipment,8537.1,2025-07-14,12,,FOB,Air,2025-07-22,2025-07-21,1,N,Delivered,1,7,1.0,United States,Domestic,0.0,,,,,2025-07
PO-1135,SUP-003,GPU Servers,8471.5,2025-07-17,25,15636.0,EXW,Air,2025-08-03,2025-08-02,4,N,Delivered,1,16,1.0,China,Offshore,0.35,390900.0,21108.600000000002,527715.0,136815.0,2025-07
PO-1080,SUP-002,Network Switches,8517.62,2025-07-17,20,5067.13,FOB,Truck,2025-07-31,2025-07-31,3,N,Delivered,1,14,1.0,Mexico,Nearshore,0.0,101342.6,5067.13,101342.6,0.0,2025-07
PO-1066,SUP-001,GPU Servers,8471.5,2025-07-21,10,20209.04,DDP,Truck,2025-07-27,2025-07-26,0,N,Delivered,1,5,1.0,United States,Domestic,0.0,202090.40000000002,20209.04,202090.40000000002,0.0,2025-07
PO-1144,SUP-002,GPU Servers,8471.5,2025-07-23,20,16341.96,CIF,Ocean,2025-08-06,2025-08-06,4,N,Delivered,1,14,1.0,Mexico,Nearshore,0.0,326839.19999999995,16341.96,326839.19999999995,0.0,2025-07
PO-1299,SUP-002,GPU Servers,8471.5,2025-07-25,8,17796.53,CIF,Truck,2025-08-10,2025-08-10,2,N,Delivered,1,16,1.0,Mexico,Nearshore,0.0,142372.24,17796.53,142372.24,0.0,2025-07
PO-1074,SUP-003,GPU Servers,8471.5,2025-07-27,8,15840.94,FOB,Ocean,2025-09-11,2025-09-11,4,N,Delivered,1,46,1.0,China,Offshore,0.35,126727.52,21385.269000000004,171082.15200000003,44354.63200000003,2025-07
PO-1276,SUP-001,PDU / MEP Equipment,8537.1,2025-08-01,10,2903.9,DDP,Truck,2025-08-11,2025-08-16,1,N,Delivered,1,15,0.0,United States,Domestic,0.0,29039.0,2903.9,29039.0,0.0,2025-08
PO-1108,SUP-003,GPU Servers,8471.5,2025-08-06,12,14147.71,CIF,Ocean,2025-09-14,2025-09-12,7,N,Delivered,1,37,1.0,China,Offshore,0.35,169772.52,19099.4085,229192.902,59420.38200000001,2025-08
PO-1072,SUP-002,Network Switches,8517.62,2025-08-06,4,3599.04,FOB,Truck,2025-08-28,2025-08-27,2,N,Delivered,1,21,1.0,Mexico,Nearshore,0.0,14396.16,3599.04,14396.16,0.0,2025-08
PO-1175,SUP-001,PDU / MEP Equipment,8537.1,2025-08-09,40,3523.8,DDP,Air,2025-08-23,2025-08-22,1,N,Delivered,1,13,1.0,United States,Domestic,0.0,140952.0,3523.8,140952.0,0.0,2025-08
PO-1337,SUP-001,gpu servers,8471.5,2025-08-10,2,22245.43,DDP,Truck,2025-08-15,2025-08-13,0,N,Delivered,1,3,1.0,United States,Domestic,0.0,44490.86,22245.43,44490.86,0.0,2025-08
PO-1015,SUP-001,PDU / MEP Equipment,8537.1,2025-08-10,10,2524.0,DDP,Air,2025-08-22,2025-08-29,1,N,Delivered,1,19,0.0,United States,Domestic,0.0,25240.0,2524.0,25240.0,0.0,2025-08
PO-1222,SUP-003,PDU / MEP Equipment,8537.1,2025-08-10,20,1732.86,CIF,Ocean,2025-10-02,2025-10-11,9,N,Delivered,1,62,0.0,China,Offshore,0.35,34657.2,2339.361,46787.22,12130.020000000004,2025-08
PO-1008,SUP-001,PDU / MEP Equipment,8537.1,2025-08-11,20,3020.7,FOB,Truck,2025-08-23,2025-08-22,1,N,Delivered,1,11,1.0,United States,Domestic,0.0,60414.0,3020.7,60414.0,0.0,2025-08
PO-1278,SUP-003,PDU / MEP Equipment,8537.1,2025-08-12,40,1955.04,CIF,Air,2025-09-01,2025-08-30,3,N,Delivered,1,18,1.0,China,Offshore,0.35,78201.6,2639.304,105572.16,27370.559999999998,2025-08
PO-1215,SUP-002,Network Switches,8517.62,2025-08-16,5,4924.06,CIF,Truck,2025-09-04,2025-09-02,3,N,Delivered,1,17,1.0,Mexico,Nearshore,0.0,24620.300000000003,4924.06,24620.300000000003,0.0,2025-08
PO-1205,SUP-003,Network Switches,8517.62,2025-08-17,25,3320.87,CIF,Air,2025-09-07,2025-09-14,4,N,Delivered,1,28,0.0,China,Offshore,0.35,83021.75,4483.1745,112079.3625,29057.612500000003,2025-08
PO-1209,SUP-001,GPU Servers,8471.5,2025-08-17,16,21455.75,FOB,Truck,2025-08-28,2025-08-26,0,N,Delivered,1,9,1.0,United States,Domestic,0.0,343292.0,21455.75,343292.0,0.0,2025-08
PO-1007,SUP-002,GPU Servers,8471.5,2025-08-18,8,17227.07,CIF,Ocean,2025-09-07,2025-09-05,3,N,Delivered,1,18,1.0,Mexico,Nearshore,0.0,137816.56,17227.07,137816.56,0.0,2025-08
PO-1225,SUP-002,Network Switches,8517.62,2025-08-20,10,3263.24,CIF,Ocean,2025-09-04,2025-09-02,2,N,Delivered,1,13,1.0,Mexico,Nearshore,0.0,32632.399999999998,3263.24,32632.399999999998,0.0,2025-08
PO-1102,SUP-002,GPU Servers,8471.5,2025-08-20,20,17685.13,CIF,Ocean,2025-09-06,2025-09-06,1,N,Delivered,1,17,1.0,Mexico,Nearshore,0.0,353702.60000000003,17685.13,353702.60000000003,0.0,2025-08
PO-1036,SUP-003,PDU / MEP Equipment,8537.1,2025-08-22,16,2435.72,EXW,Air,2025-09-17,2025-09-15,8,N,Delivered,1,24,1.0,China,Offshore,0.35,38971.52,3288.2219999999998,52611.551999999996,13640.032,2025-08
PO-1168,SUP-003,GPU Servers,8471.5,2025-08-23,5,14999.61,FOB,Ocean,2025-10-10,2025-10-08,8,N,Delivered,1,46,1.0,China,Offshore,0.35,74998.05,20249.473500000004,101247.36750000002,26249.31750000002,2025-08
PO-1327,SUP-003,GPU Servers,8471.5,2025-08-24,2,13585.55,FOB,Air,2025-09-23,2025-09-21,4,N,Delivered,1,28,1.0,China,Offshore,0.35,27171.1,18340.4925,36680.985,9509.885000000002,2025-08
PO-1017,SUP-003,PDU / MEP Equipment,8537.1,2025-08-28,12,1928.18,EXW,Air,2025-09-28,2025-09-26,10,Y,Delivered,1,29,1.0,China,Offshore,0.35,23138.16,2603.043,31236.516000000003,8098.356000000003,2025-08
PO-1257,SUP-002,GPU Servers,8471.5,2025-08-31,5,21517.32,CIF,Ocean,2025-09-12,2025-09-12,1,N,Delivered,1,12,1.0,Mexico,Nearshore,0.0,107586.6,21517.32,107586.6,0.0,2025-08
PO-1203,SUP-003,GPU Servers,8471.5,2025-09-04,20,17535.87,FOB,Air,2025-10-10,2025-10-08,4,N,Delivered,1,34,1.0,China,Offshore,0.35,350717.39999999997,23673.4245,473468.49,122751.09000000003,2025-09
PO-1216,SUP-002,GPU Servers,8471.5,2025-09-05,25,16613.26,CIF,Ocean,2025-09-23,2025-09-21,1,N,Delivered,1,16,1.0,Mexico,Nearshore,0.0,415331.49999999994,16613.26,415331.49999999994,0.0,2025-09
PO-1324,SUP-002,Network Switches,8517.62,2025-09-06,5,4306.39,FOB,Ocean,2025-09-24,2025-09-23,4,N,Delivered,1,17,1.0,Mexico,Nearshore,0.0,21531.95,4306.39,21531.95,0.0,2025-09
PO-1143,SUP-001,PDU / MEP Equipment,8537.1,2025-09-06,10,2714.58,DDP,Truck,2025-09-18,2025-10-08,0,N,Delivered,1,32,0.0,United States,Domestic,0.0,27145.8,2714.58,27145.8,0.0,2025-09
PO-1086,SUP-003,PDU / MEP Equipment,8537.1,2025-09-07,16,1511.72,CIF,Air,2025-09-26,2025-09-24,9,Y,Delivered,1,17,1.0,China,Offshore,0.35,24187.52,2040.8220000000001,32653.152000000002,8465.632000000001,2025-09
PO-1092,SUP-001,PDU / MEP Equipment,8537.1,2025-09-09,5,2507.09,DDP,Air,2025-09-18,2025-09-18,1,N,Delivered,1,9,1.0,United States,Domestic,0.0,12535.45,2507.09,12535.45,0.0,2025-09
PO-1214,SUP-002,Network Switches,8517.62,2025-09-09,40,3700.0,FOB,Truck,2025-09-26,2025-09-24,1,Y,Delivered,1,15,1.0,Mexico,Nearshore,0.0,148000.0,3700.0,148000.0,0.0,2025-09
PO-1243,SUP-003,GPU Servers,8471.5,2025-09-11,16,16024.16,FOB,Air,2025-10-19,2025-10-17,7,N,Delivered,1,36,1.0,China,Offshore,0.35,256386.56,21632.616,346121.856,89735.29600000003,2025-09
PO-1295,SUP-001,GPU Servers,8471.5,2025-09-13,16,24419.09,FOB,Truck,2025-09-30,2025-09-29,1,N,Delivered,1,16,1.0,United States,Domestic,0.0,390705.44,24419.09,390705.44,0.0,2025-09
PO-1191,SUP-002,Network Switches,8517.62,2025-09-15,8,3790.2,CIF,Ocean,2025-10-11,2025-10-10,2,N,Delivered,1,25,1.0,Mexico,Nearshore,0.0,30321.6,3790.2,30321.6,0.0,2025-09
PO-1213,SUP-002,Network Switches,8517.62,2025-09-16,10,4325.07,FOB,Truck,2025-09-30,2025-09-28,4,N,Delivered,1,12,1.0,Mexico,Nearshore,0.0,43250.7,4325.07,43250.7,0.0,2025-09
PO-1325,SUP-001,GPU Servers,8471.5,2025-09-18,10,23550.97,FOB,Truck,2025-09-29,2025-09-28,1,N,Delivered,1,10,1.0,United States,Domestic,0.0,235509.7,23550.97,235509.7,0.0,2025-09
PO-1173,SUP-003,PDU / MEP Equipment,8537.1,2025-09-19,10,1782.77,FOB,Ocean,2025-10-17,2025-10-17,11,N,Delivered,1,28,1.0,China,Offshore,0.35,17827.7,2406.7395,24067.395,6239.695,2025-09
PO-1069,SUP-001,GPU Servers,8471.5,2025-09-21,4,20171.88,DDP,Air,2025-10-10,2025-10-26,0,N,Delivered,1,35,0.0,United States,Domestic,0.0,80687.52,20171.88,80687.52,0.0,2025-09
PO-1131,SUP-001,GPU Servers,8471.5,2025-09-25,5,20527.97,FOB,Truck,2025-10-08,2025-10-08,1,N,Delivered,1,13,1.0,United States,Domestic,0.0,102639.85,20527.97,102639.85,0.0,2025-09
PO-1200,SUP-001,PDU / MEP Equipment,8537.1,2025-09-26,12,2338.25,FOB,Truck,2025-10-08,2025-10-06,1,N,Delivered,1,10,1.0,United States,Domestic,0.0,28059.0,2338.25,28059.0,0.0,2025-09
PO-1202,SUP-003,PDU / MEP Equipment,8537.1,2025-09-30,10,1501.81,FOB,Ocean,2025-10-29,2025-10-28,7,N,Delivered,1,28,1.0,China,Offshore,0.35,15018.099999999999,2027.4435,20274.435,5256.335000000003,2025-09
PO-1006,SUP-002,Network Switches,8517.62,2025-10-06,4,3481.83,FOB,Truck,2025-10-22,2025-10-22,2,N,Delivered,1,16,1.0,Mexico,Nearshore,0.0,13927.32,3481.83,13927.32,0.0,2025-10
PO-1274,SUP-003,Network Switches,8517.62,2025-10-07,12,3109.3,EXW,Air,2025-11-08,2025-11-07,8,N,Delivered,1,31,1.0,China,Offshore,0.35,37311.600000000006,4197.555,50370.66,13059.059999999998,2025-10
PO-1334,SUP-002,Network Switches,8517.62,2025-10-08,4,3587.65,CIF,Ocean,2025-10-26,2025-10-24,2,N,Delivered,1,16,1.0,Mexico,Nearshore,0.0,14350.6,3587.65,14350.6,0.0,2025-10
PO-1194,SUP-001,PDU / MEP Equipment,8537.1,2025-10-11,40,2309.36,FOB,Truck,2025-10-22,2025-10-22,0,N,Delivered,1,11,1.0,United States,Domestic,0.0,92374.40000000001,2309.36,92374.40000000001,0.0,2025-10
PO-1000,SUP-003,PDU / MEP Equipment,8537.1,2025-10-14,4,2278.39,CIF,Ocean,2025-11-21,2025-11-19,12,N,Delivered,1,36,1.0,China,Offshore,0.35,9113.56,3075.8265,12303.306,3189.746000000001,2025-10
PO-1283,SUP-003,PDU / MEP Equipment,8537.1,2025-10-16,25,1690.96,CIF,Air,2025-11-10,2025-11-08,3,N,Delivered,1,23,1.0,China,Offshore,0.35,42274.0,2282.7960000000003,57069.90000000001,14795.900000000009,2025-10
PO-1183,SUP-001,PDU / MEP Equipment,8537.1,2025-10-19,40,3015.09,FOB,Air,2025-10-30,2025-10-30,1,N,Delivered,1,11,1.0,United States,Domestic,0.0,120603.6,3015.09,120603.6,0.0,2025-10
PO-1235,SUP-001,GPU Servers,8471.5,2025-10-20,2,23552.71,DDP,Truck,2025-11-05,2025-11-05,0,N,Delivered,1,16,1.0,United States,Domestic,0.0,47105.42,23552.71,47105.42,0.0,2025-10
PO-1330,SUP-002,GPU Servers,8471.5,2025-10-21,2,18397.69,CIF,Truck,2025-11-11,2025-11-09,1,N,Delivered,1,19,1.0,Mexico,Nearshore,0.0,36795.38,18397.69,36795.38,0.0,2025-10
PO-1181,SUP-002,Network Switches,8517.62,2025-10-21,20,4730.47,FOB,Truck,2025-11-08,2025-11-08,4,N,Delivered,1,18,1.0,Mexico,Nearshore,0.0,94609.40000000001,4730.47,94609.40000000001,0.0,2025-10
PO-1196,SUP-002,Network Switches,8517.62,2025-10-27,2,3836.92,FOB,Truck,2025-11-17,2025-11-17,1,N,Delivered,1,21,1.0,Mexico,Nearshore,0.0,7673.84,3836.92,7673.84,0.0,2025-10
PO-1093,SUP-003,Network Switches,8517.62,2025-10-27,4,3247.83,FOB,Air,2025-12-02,2025-12-14,9,N,Delivered,1,48,0.0,China,Offshore,0.35,12991.32,4384.5705,17538.282,4546.9619999999995,2025-10
PO-1075,SUP-001,PDU / MEP Equipment,8537.1,2025-10-28,10,3217.97,DDP,Air,2025-11-04,2025-11-03,1,N,Delivered,1,6,1.0,United States,Domestic,0.0,32179.699999999997,3217.97,32179.699999999997,0.0,2025-10
PO-1005,SUP-001,GPU Servers,8471.5,2025-10-29,4,24319.46,DDP,Air,2025-11-12,2025-11-20,0,N,Delivered,1,22,0.0,United States,Domestic,0.0,97277.84,24319.46,97277.84,0.0,2025-10
PO-1193,SUP-003,PDU / MEP Equipment,8537.1,2025-10-30,4,2347.54,FOB,Air,2025-12-10,2025-12-10,10,N,Delivered,1,41,1.0,China,Offshore,0.35,9390.16,3169.179,12676.716,3286.5560000000005,2025-10
PO-1091,SUP-001,GPU Servers,8471.5,2025-11-02,5,23179.25,DDP,Truck,2025-11-14,2025-11-13,0,N,Delivered,1,11,1.0,United States,Domestic,0.0,115896.25,23179.25,115896.25,0.0,2025-11
PO-1160,SUP-002,Network Switches,8517.62,2025-11-02,12,4433.7,CIF,Ocean,2025-11-26,2025-11-24,4,N,Delivered,1,22,1.0,Mexico,Nearshore,0.0,53204.399999999994,4433.7,53204.399999999994,0.0,2025-11
PO-1114,SUP-003,GPU Servers,8471.5,2025-11-03,16,17425.38,CIF,Ocean,2025-12-11,2025-12-11,11,N,Delivered,1,38,1.0,China,Offshore,0.35,278806.08,23524.263000000003,376388.20800000004,97582.12800000003,2025-11
PO-1099,SUP-001,PDU / MEP Equipment,8537.1,2025-11-04,4,3618.33,FOB,Truck,2025-11-18,2025-11-17,0,N,Delivered,1,13,1.0,United States,Domestic,0.0,14473.32,3618.33,14473.32,0.0,2025-11
PO-1313,SUP-002,Network Switches,8517.62,2025-11-04,20,4110.39,CIF,Ocean,2025-11-15,2025-11-15,2,N,Delivered,1,11,1.0,Mexico,Nearshore,0.0,82207.8,4110.39,82207.8,0.0,2025-11
PO-1176,SUP-002,GPU Servers,8471.5,2025-11-06,2,20316.4,CIF,Ocean,2025-11-27,2025-11-27,4,N,Delivered,1,21,1.0,Mexico,Nearshore,0.0,40632.8,20316.4,40632.8,0.0,2025-11
PO-1029,SUP-003,GPU Servers,8471.5,2025-11-08,5,15404.94,EXW,Ocean,2025-12-21,2025-12-29,7,N,Delivered,1,51,0.0,China,Offshore,0.35,77024.7,20796.669,103983.345,26958.645000000004,2025-11
PO-1040,SUP-002,Network Switches,8517.62,2025-11-09,16,4963.15,CIF,Truck,2025-11-30,2025-11-30,2,N,Delivered,1,21,1.0,Mexico,Nearshore,0.0,79410.4,4963.15,79410.4,0.0,2025-11
PO-1284,SUP-003,GPU Servers,8471.5,2025-11-10,25,12896.34,FOB,Air,2025-12-07,2025-12-07,3,N,Delivered,1,27,1.0,China,Offshore,0.35,322408.5,17410.059,435251.47500000003,112842.97500000003,2025-11
PO-1094,SUP-003,Network Switches,8517.62,2025-11-11,20,1907.59,FOB,Air,2025-12-17,2025-12-16,12,N,Delivered,1,35,1.0,China,Offshore,0.35,38151.799999999996,2575.2465,51504.93000000001,13353.130000000012,2025-11
PO-1103,SUP-001,GPU Servers,8471.5,2025-11-13,4,19963.94,FOB,Air,2025-11-22,2025-11-26,1,N,Delivered,1,13,0.0,United States,Domestic,0.0,79855.76,19963.94,79855.76,0.0,2025-11
PO-1261,SUP-002,Network Switches,8517.62,2025-11-14,5,3604.31,CIF,Truck,2025-12-01,2025-11-30,4,N,Delivered,1,16,1.0,Mexico,Nearshore,0.0,18021.55,3604.31,18021.55,0.0,2025-11
PO-1177,SUP-001,GPU Servers,8471.5,2025-11-22,12,23320.89,FOB,Air,2025-12-04,2025-12-03,0,N,Delivered,1,11,1.0,United States,Domestic,0.0,279850.68,23320.89,279850.68,0.0,2025-11
PO-1189,SUP-001,PDU / MEP Equipment,8537.1,2025-11-23,8,3289.53,DDP,Truck,2025-12-04,2025-12-03,0,N,Delivered,1,10,1.0,United States,Domestic,0.0,26316.24,3289.53,26316.24,0.0,2025-11
PO-1038,SUP-002,GPU Servers,8471.5,2025-11-23,4,17941.5,FOB,Ocean,2025-12-09,2025-12-09,1,N,Delivered,1,16,1.0,Mexico,Nearshore,0.0,71766.0,17941.5,71766.0,0.0,2025-11
PO-1192,SUP-003,Network Switches,8517.62,2025-11-26,10,3087.37,CIF,Air,2026-01-09,2026-01-09,9,N,Delivered,1,44,1.0,China,Offshore,0.35,30873.699999999997,4167.9495,41679.494999999995,10805.794999999998,2025-11
PO-1247,SUP-002,GPU Servers,8471.5,2025-11-28,20,20972.22,FOB,Ocean,2025-12-16,2025-12-16,4,N,Delivered,1,18,1.0,Mexico,Nearshore,0.0,419444.4,20972.22,419444.4,0.0,2025-11
PO-1338,SUP-003,Network Switches,8517.62,2025-11-29,4,2108.91,FOB,Air,2025-12-19,2025-12-25,7,N,Delivered,1,26,0.0,China,Offshore,0.35,8435.64,2847.0285,11388.114,2952.474,2025-11
PO-1223,SUP-003,GPU Servers,8471.5,2025-12-01,20,13702.98,FOB,Air,2025-12-27,2026-01-22,7,N,Delivered,1,52,0.0,China,Offshore,0.35,274059.6,18499.023,369980.46,95920.86000000004,2025-12
PO-1061,SUP-002,GPU Servers,8471.5,2025-12-02,10,18090.64,FOB,Ocean,2025-12-18,2025-12-21,4,N,Delivered,1,19,0.0,Mexico,Nearshore,0.0,180906.4,18090.64,180906.4,0.0,2025-12
PO-1132,SUP-002,GPU Servers,8471.5,2025-12-02,12,19438.37,FOB,Ocean,2025-12-16,2026-01-06,4,N,Delivered,1,35,0.0,Mexico,Nearshore,0.0,233260.44,19438.37,233260.44,0.0,2025-12
PO-1110,SUP-002,Network Switches,8517.62,2025-12-03,2,5074.96,CIF,Truck,2025-12-16,2025-12-15,1,N,Delivered,1,12,1.0,Mexico,Nearshore,0.0,10149.92,5074.96,10149.92,0.0,2025-12
PO-1062,SUP-002,GPU Servers,8471.5,2025-12-04,12,19105.23,CIF,Ocean,2025-12-21,2025-12-19,3,N,Delivered,1,15,1.0,Mexico,Nearshore,0.0,229262.76,19105.23,229262.76,0.0,2025-12
PO-1238,SUP-002,GPU Servers,8471.5,2025-12-06,20,20506.33,CIF,Ocean,2025-12-24,2025-12-23,4,N,Delivered,1,17,1.0,Mexico,Nearshore,0.0,410126.60000000003,20506.33,410126.60000000003,0.0,2025-12
PO-1179,SUP-001,GPU Servers,8471.5,2025-12-07,8,23341.01,DDP,Air,2025-12-17,2025-12-28,1,N,Delivered,1,21,0.0,United States,Domestic,0.0,186728.08,23341.01,186728.08,0.0,2025-12
PO-1201,SUP-003,GPU Servers,8471.5,2025-12-07,4,16744.93,EXW,Air,2026-01-05,2026-01-05,8,N,Delivered,1,29,1.0,China,Offshore,0.35,66979.72,22605.6555,90422.622,23442.902000000002,2025-12
PO-1246,SUP-002,GPU Servers,8471.5,2025-12-09,40,19112.92,CIF,Truck,2026-01-02,2026-01-01,4,N,Delivered,1,23,1.0,Mexico,Nearshore,0.0,764516.7999999999,19112.92,764516.7999999999,0.0,2025-12
PO-1195,SUP-001,PDU / MEP Equipment,8537.1,2025-12-10,5,3244.1,FOB,Air,2025-12-19,2025-12-17,1,Y,Delivered,1,7,1.0,United States,Domestic,0.0,16220.5,3244.1,16220.5,0.0,2025-12
PO-1037,SUP-003,Network Switches,8517.62,2025-12-11,10,2834.95,FOB,Ocean,2026-01-11,2026-01-20,4,N,Delivered,1,40,0.0,China,Offshore,0.35,28349.5,3827.1825,38271.825,9922.324999999997,2025-12
PO-1234,SUP-001,PDU / MEP Equipment,8537.1,2025-12-11,25,4042.84,FOB,Truck,2025-12-17,2025-12-15,1,N,Delivered,1,4,1.0,United States,Domestic,0.0,101071.0,4042.84,101071.0,0.0,2025-12
PO-1158,SUP-003,PDU / MEP Equipment,8537.1,2025-12-11,16,1607.84,CIF,Air,2025-12-15,2025-12-14,9,N,Delivered,1,3,1.0,China,Offshore,0.35,25725.44,2170.584,34729.344,9003.903999999999,2025-12
PO-1078,SUP-002,GPU Servers,8471.5,2025-12-13,5,19812.97,CIF,Ocean,2025-12-24,2025-12-22,4,N,Delivered,1,9,1.0,Mexico,Nearshore,0.0,99064.85,19812.97,99064.85,0.0,2025-12
PO-1300,SUP-002,Network Switches,8517.62,2025-12-15,16,3961.83,CIF,Truck,2026-01-02,2026-01-02,2,N,Delivered,1,18,1.0,Mexico,Nearshore,0.0,63389.28,3961.83,63389.28,0.0,2025-12
PO-1186,SUP-001,PDU / MEP Equipment,8537.1,2025-12-16,25,2808.09,DDP,Air,2025-12-31,2025-12-31,0,N,Delivered,1,15,1.0,United States,Domestic,0.0,70202.25,2808.09,70202.25,0.0,2025-12
PO-1030,SUP-001,GPU Servers,8471.5,2025-12-23,10,18947.3,DDP,Truck,2026-01-04,2026-01-04,0,N,Delivered,1,12,1.0,United States,Domestic,0.0,189473.0,18947.3,189473.0,0.0,2025-12
PO-1124,SUP-001,GPU Servers,8471.5,2025-12-25,40,20656.95,DDP,Truck,2026-01-09,2026-01-08,0,N,Delivered,1,14,1.0,United States,Domestic,0.0,826278.0,20656.95,826278.0,0.0,2025-12
PO-1167,SUP-003,Network Switches,8517.62,2025-12-27,25,2763.21,FOB,Ocean,2026-01-26,2026-03-04,5,N,Delivered,1,67,0.0,China,Offshore,0.35,69080.25,3730.3335,93258.33750000001,24178.08750000001,2025-12
PO-1260,SUP-002,Network Switches,8517.62,2025-12-28,40,4430.14,CIF,Truck,2026-01-06,2026-01-05,2,N,Delivered,1,8,1.0,Mexico,Nearshore,0.0,177205.6,4430.14,177205.6,0.0,2025-12
PO-1028,SUP-002,Network Switches,8517.62,2025-12-29,12,3689.96,CIF,Ocean,2026-01-14,2026-01-22,1,N,Delivered,1,24,0.0,Mexico,Nearshore,0.0,44279.520000000004,3689.96,44279.520000000004,0.0,2025-12
PO-1055,SUP-002,Network Switches,8517.62,2025-12-30,2,4981.79,FOB,Truck,2026-01-20,2026-01-18,1,N,Delivered,1,19,1.0,Mexico,Nearshore,0.0,9963.58,4981.79,9963.58,0.0,2025-12
PO-1119,SUP-001,GPU Servers,8471.5,2025-12-30,4,22676.18,FOB,Air,2026-01-07,2026-01-06,0,N,Delivered,1,7,1.0,United States,Domestic,0.0,90704.72,22676.18,90704.72,0.0,2025-12
PO-1268,SUP-003,GPU Servers,8471.5,2025-12-31,5,13790.4,EXW,Ocean,2026-02-02,2026-03-03,3,N,Delivered,1,62,0.0,China,Offshore,0.35,68952.0,18617.04,93085.20000000001,24133.20000000001,2025-12
PO-1161,SUP-001,PDU / MEP Equipment,8537.1,2025-12-31,12,2286.08,DDP,Air,2026-01-07,2026-01-07,0,N,Delivered,1,7,1.0,United States,Domestic,0.0,27432.96,2286.08,27432.96,0.0,2025-12
PO-1065,SUP-002,GPU Servers,8471.5,2026-01-01,10,17609.98,FOB,Truck,2026-01-18,2026-01-17,3,N,Delivered,1,16,1.0,Mexico,Nearshore,0.0,176099.8,17609.98,176099.8,0.0,2026-01
PO-1096,SUP-003,PDU / MEP Equipment,8537.1,2026-01-01,40,2182.35,CIF,Ocean,2026-02-20,2026-02-18,4,N,Delivered,1,48,1.0,China,Offshore,0.35,87294.0,2946.1725,117846.90000000001,30552.90000000001,2026-01
PO-1152,SUP-001,GPU Servers,8471.5,2026-01-02,5,21017.6,FOB,Air,2026-01-20,2026-01-19,0,N,Delivered,1,17,1.0,United States,Domestic,0.0,105088.0,21017.6,105088.0,0.0,2026-01
PO-1033,SUP-002,Network Switches,8517.62,2026-01-07,4,,CIF,Truck,2026-01-27,2026-01-25,2,N,Delivered,1,18,1.0,Mexico,Nearshore,0.0,,,,,2026-01
PO-1106,SUP-003,GPU Servers,8471.5,2026-01-08,8,15569.14,FOB,Ocean,2026-02-11,2026-02-10,6,N,Delivered,1,33,1.0,China,Offshore,0.35,124553.12,21018.339,168146.712,43593.592000000004,2026-01
PO-1162,SUP-001,PDU / MEP Equipment,8537.1,2026-01-13,5,3155.96,FOB,Air,2026-01-29,2026-01-29,0,N,Delivered,1,16,1.0,United States,Domestic,0.0,15779.8,3155.96,15779.8,0.0,2026-01
PO-1137,SUP-002,Network Switches,8517.62,2026-01-13,16,4196.71,CIF,Truck,2026-02-04,2026-02-03,3,N,Delivered,1,21,1.0,Mexico,Nearshore,0.0,67147.36,4196.71,67147.36,0.0,2026-01
PO-1248,SUP-001,PDU / MEP Equipment,8537.1,2026-01-14,8,3865.64,FOB,Truck,2026-02-01,2026-02-01,1,N,Delivered,1,18,1.0,United States,Domestic,0.0,30925.12,3865.64,30925.12,0.0,2026-01
PO-1182,SUP-001,PDU / MEP Equipment,8537.1,2026-01-15,2,3830.98,FOB,Air,2026-01-28,2026-01-27,1,N,Delivered,1,12,1.0,United States,Domestic,0.0,7661.96,3830.98,7661.96,0.0,2026-01
PO-1259,SUP-002,Network Switches,8517.62,2026-01-15,4,5158.07,CIF,Ocean,2026-02-01,2026-01-31,4,N,Delivered,1,16,1.0,Mexico,Nearshore,0.0,20632.28,5158.07,20632.28,0.0,2026-01
PO-1184,SUP-003,Network Switches,8517.62,2026-01-15,40,2054.69,CIF,Ocean,2026-02-25,2026-03-11,3,N,Delivered,1,55,0.0,China,Offshore,0.35,82187.6,2773.8315000000002,110953.26000000001,28765.660000000003,2026-01
PO-1163,SUP-001,GPU Servers,8471.5,2026-01-16,2,23638.94,DDP,Air,2026-01-23,2026-01-23,1,N,Delivered,1,7,1.0,United States,Domestic,0.0,47277.88,23638.94,47277.88,0.0,2026-01
PO-1204,SUP-003,Network Switches,8517.62,2026-01-17,5,3119.2,FOB,Air,2026-02-06,2026-02-04,9,N,Delivered,1,18,1.0,China,Offshore,0.35,15596.0,4210.92,21054.6,5458.5999999999985,2026-01
PO-1298,SUP-002,Network Switches,8517.62,2026-01-18,10,3491.79,FOB,Ocean,2026-02-02,2026-02-02,3,N,Delivered,1,15,1.0,Mexico,Nearshore,0.0,34917.9,3491.79,34917.9,0.0,2026-01
PO-1101,SUP-002,GPU Servers,8471.5,2026-01-18,10,,CIF,Truck,2026-02-06,2026-02-06,2,N,Delivered,1,19,1.0,Mexico,Nearshore,0.0,,,,,2026-01
PO-1148,SUP-002,Network Switches,8517.62,2026-01-24,4,4253.38,CIF,Truck,2026-02-09,2026-02-08,2,N,Delivered,1,15,1.0,Mexico,Nearshore,0.0,17013.52,4253.38,17013.52,0.0,2026-01
PO-1328,SUP-001,GPU Servers,8471.5,2026-01-25,25,22491.18,FOB,Air,2026-02-07,2026-02-05,1,N,Delivered,1,11,1.0,United States,Domestic,0.0,562279.5,22491.18,562279.5,0.0,2026-01
PO-1218,SUP-002,GPU Servers,8471.5,2026-01-26,20,19724.63,FOB,Ocean,2026-02-13,2026-02-13,2,N,Delivered,1,18,1.0,Mexico,Nearshore,0.0,394492.60000000003,19724.63,394492.60000000003,0.0,2026-01
PO-1322,SUP-003,PDU / MEP Equipment,8537.1,2026-01-28,10,2526.01,CIF,Ocean,2026-03-06,2026-03-06,12,N,Delivered,1,37,1.0,China,Offshore,0.35,25260.100000000002,3410.1135000000004,34101.135,8841.035,2026-01
PO-1226,SUP-001,GPU Servers,8471.5,2026-01-29,20,20357.17,DDP,Air,2026-02-11,2026-02-09,1,N,Delivered,1,11,1.0,United States,Domestic,0.0,407143.39999999997,20357.17,407143.39999999997,0.0,2026-01
PO-1022,SUP-003,PDU / MEP Equipment,8537.1,2026-01-29,10,2563.5,FOB,Air,2026-02-20,2026-02-19,9,N,Delivered,1,21,1.0,China,Offshore,0.35,25635.0,3460.7250000000004,34607.25,8972.25,2026-01
PO-1089,SUP-003,Network Switches,8517.62,2026-01-30,25,2423.81,EXW,Ocean,2026-03-12,2026-04-14,7,Y,Delivered,1,74,0.0,China,Offshore,0.35,60595.25,3272.1435,81803.58750000001,21208.33750000001,2026-01
PO-1035,SUP-001,GPU Servers,8471.5,2026-02-01,8,18944.27,DDP,Air,2026-02-15,2026-02-14,1,N,Delivered,1,13,1.0,United States,Domestic,0.0,151554.16,18944.27,151554.16,0.0,2026-02
PO-1138,SUP-001,GPU Servers,8471.5,2026-02-05,40,22237.34,DDP,Truck,2026-02-14,2026-02-14,0,N,Delivered,1,9,1.0,United States,Domestic,0.0,889493.6,22237.34,889493.6,0.0,2026-02
PO-1286,SUP-003,PDU / MEP Equipment,8537.1,2026-02-06,16,1543.71,CIF,Ocean,2026-03-06,2026-04-13,10,N,Delivered,1,66,0.0,China,Offshore,0.35,24699.36,2084.0085000000004,33344.136000000006,8644.776000000005,2026-02
PO-1240,SUP-002,Network Switches,8517.62,2026-02-08,4,4046.14,CIF,Ocean,2026-02-24,2026-02-22,3,Y,Delivered,1,14,1.0,Mexico,Nearshore,0.0,16184.56,4046.14,16184.56,0.0,2026-02
PO-1050,SUP-001,PDU / MEP Equipment,8537.1,2026-02-08,2,3966.43,DDP,Air,2026-02-17,2026-03-08,0,N,Delivered,1,28,0.0,United States,Domestic,0.0,7932.86,3966.43,7932.86,0.0,2026-02
PO-1051,SUP-003,Network Switches,8517.62,2026-02-09,25,3112.18,CIF,Ocean,2026-03-10,2026-04-07,10,N,Delivered,1,57,0.0,China,Offshore,0.35,77804.5,4201.443,105036.07500000001,27231.57500000001,2026-02
PO-1139,SUP-003,Network Switches,8517.62,2026-02-11,4,2028.02,FOB,Air,2026-03-23,2026-03-23,5,N,Delivered,1,40,1.0,China,Offshore,0.35,8112.08,2737.827,10951.308,2839.228000000001,2026-02
PO-1304,SUP-001,PDU / MEP Equipment,8537.1,2026-02-12,12,2524.69,DDP,Truck,2026-02-22,2026-02-22,0,N,Delivered,1,10,1.0,United States,Domestic,0.0,30296.28,2524.69,30296.28,0.0,2026-02
PO-1271,SUP-003,GPU Servers,8471.5,2026-02-12,10,16637.17,FOB,Air,2026-03-18,2026-03-18,4,N,Delivered,1,34,1.0,China,Offshore,0.35,166371.69999999998,22460.1795,224601.79499999998,58230.095,2026-02
PO-1100,SUP-003,GPU Servers,8471.5,2026-02-16,12,15956.54,FOB,Ocean,2026-03-30,2026-05-06,7,N,Delivered,1,79,0.0,China,Offshore,0.35,191478.48,21541.329,258495.94800000003,67017.46800000002,2026-02
PO-1009,SUP-003,Network Switches,8517.62,2026-02-18,25,2336.84,EXW,Ocean,2026-03-06,2026-03-04,5,N,Delivered,1,14,1.0,China,Offshore,0.35,58421.0,3154.7340000000004,78868.35,20447.350000000006,2026-02
PO-1297,SUP-001,GPU Servers,8471.5,2026-02-20,10,19417.15,DDP,Air,2026-03-05,2026-03-04,0,N,Delivered,1,12,1.0,United States,Domestic,0.0,194171.5,19417.15,194171.5,0.0,2026-02
PO-1121,SUP-003,GPU Servers,8471.5,2026-02-20,2,17552.26,CIF,Ocean,2026-03-27,2026-03-27,9,N,Delivered,1,35,1.0,China,Offshore,0.35,35104.52,23695.551,47391.102,12286.582000000002,2026-02
PO-1272,SUP-003,PDU / MEP Equipment,8537.1,2026-02-22,12,2448.29,FOB,Air,2026-03-21,2026-03-20,12,N,Delivered,1,26,1.0,China,Offshore,0.35,29379.48,3305.1915000000004,39662.298,10282.818000000003,2026-02
PO-1025,SUP-002,Network Switches,8517.62,2026-02-23,8,3511.56,FOB,Truck,2026-03-13,2026-03-13,4,N,Delivered,1,18,1.0,Mexico,Nearshore,0.0,28092.48,3511.56,28092.48,0.0,2026-02
PO-1302,SUP-003,GPU Servers,8471.5,2026-03-04,20,17453.46,EXW,Ocean,2026-04-04,2026-04-29,11,N,Delivered,1,56,0.0,China,Offshore,0.35,349069.19999999995,23562.171000000002,471243.42000000004,122174.22000000009,2026-03
PO-1219,SUP-003,PDU / MEP Equipment,8537.1,2026-03-04,25,2234.9,EXW,Air,2026-04-11,2026-05-18,6,N,Delivered,1,75,0.0,China,Offshore,0.35,55872.5,3017.1150000000002,75427.875,19555.375,2026-03
PO-1034,SUP-003,PDU / MEP Equipment,8537.1,2026-03-04,12,2325.52,FOB,Ocean,2026-04-16,2026-04-16,7,N,Delivered,1,43,1.0,China,Offshore,0.35,27906.239999999998,3139.452,37673.424,9767.184000000001,2026-03
PO-1083,SUP-002,GPU Servers,8471.5,2026-03-07,8,21113.1,FOB,Ocean,2026-03-23,2026-03-22,2,N,Delivered,1,15,1.0,Mexico,Nearshore,0.0,168904.8,21113.1,168904.8,0.0,2026-03
PO-1098,SUP-003,network switches,8517.62,2026-03-07,25,2388.1,FOB,Air,2026-04-01,2026-03-30,5,N,Delivered,1,23,1.0,China,Offshore,0.35,59702.5,3223.935,80598.375,20895.875,2026-03
PO-1187,SUP-002,Network Switches,8517.62,2026-03-08,2,4980.6,CIF,Truck,2026-03-26,2026-03-26,1,N,Delivered,1,18,1.0,Mexico,Nearshore,0.0,9961.2,4980.6,9961.2,0.0,2026-03
PO-1296,SUP-001,GPU Servers,8471.5,2026-03-08,10,19110.69,DDP,Truck,2026-03-15,2026-03-26,0,N,Delivered,1,18,0.0,United States,Domestic,0.0,191106.9,19110.69,191106.9,0.0,2026-03
PO-1197,SUP-003,PDU / MEP Equipment,8537.1,2026-03-09,2,1540.48,FOB,Air,2026-04-10,2026-04-23,5,N,Delivered,1,45,0.0,China,Offshore,0.35,3080.96,2079.648,4159.296,1078.3360000000002,2026-03
PO-1301,SUP-002,network switches,8517.62,2026-03-11,5,5163.0,FOB,Truck,2026-03-25,2026-03-23,2,N,Delivered,1,12,1.0,Mexico,Nearshore,0.0,25815.0,5163.0,25815.0,0.0,2026-03
PO-1010,SUP-003,GPU Servers,8471.5,2026-03-14,16,14202.29,FOB,Air,2026-04-07,2026-04-06,11,N,Delivered,1,23,1.0,China,Offshore,0.35,227236.64,19173.091500000002,306769.46400000004,79532.82400000002,2026-03
PO-1288,SUP-001,PDU / MEP Equipment,8537.1,2026-03-15,25,3699.43,FOB,Air,2026-04-01,2026-03-30,0,N,Delivered,1,15,1.0,United States,Domestic,0.0,92485.75,3699.43,92485.75,0.0,2026-03
PO-1150,SUP-001,GPU Servers,8471.5,2026-03-15,8,24229.19,FOB,Truck,2026-03-23,2026-03-22,1,N,Delivered,1,7,1.0,United States,Domestic,0.0,193833.52,24229.19,193833.52,0.0,2026-03
PO-1250,SUP-001,GPU Servers,8471.5,2026-03-15,20,22724.48,DDP,Air,2026-03-28,2026-03-26,1,N,Delivered,1,11,1.0,United States,Domestic,0.0,454489.6,22724.48,454489.6,0.0,2026-03
PO-1312,SUP-002,GPU Servers,8471.5,2026-03-18,5,17064.43,CIF,Truck,2026-04-07,2026-04-05,1,N,Delivered,1,18,1.0,Mexico,Nearshore,0.0,85322.15,17064.43,85322.15,0.0,2026-03
PO-1217,SUP-002,Network Switches,8517.62,2026-03-19,12,4263.09,CIF,Ocean,2026-04-06,2026-04-04,4,N,Delivered,1,16,1.0,Mexico,Nearshore,0.0,51157.08,4263.09,51157.08,0.0,2026-03
PO-1116,SUP-003,Network Switches,8517.62,2026-03-19,12,3176.71,CIF,Air,2026-04-14,2026-04-13,4,N,Delivered,1,25,1.0,China,Offshore,0.35,38120.520000000004,4288.5585,51462.702000000005,13342.182,2026-03
PO-1059,SUP-003,Network Switches,8517.62,2026-03-20,25,2666.12,EXW,Air,2026-04-25,2026-05-01,10,N,Delivered,1,42,0.0,China,Offshore,0.35,66653.0,3599.262,89981.55,23328.550000000003,2026-03
PO-1115,SUP-003,PDU / MEP Equipment,8537.1,2026-03-22,16,2423.61,FOB,Air,2026-04-24,2026-04-22,9,N,Delivered,1,31,1.0,China,Offshore,0.35,38777.76,3271.8735000000006,52349.97600000001,13572.216000000008,2026-03
PO-1076,SUP-001,GPU Servers,8471.5,2026-03-24,10,18744.65,FOB,Truck,2026-04-02,2026-04-02,1,Y,Delivered,1,9,1.0,United States,Domestic,0.0,187446.5,18744.65,187446.5,0.0,2026-03
PO-1127,SUP-003,PDU / MEP Equipment,8537.1,2026-03-28,12,2495.89,CIF,Air,2026-05-05,2026-05-03,9,N,Delivered,1,36,1.0,China,Offshore,0.35,29950.68,3369.4515,40433.418000000005,10482.738000000005,2026-03
PO-1129,SUP-003,pdu / mep equipment,8537.1,2026-03-28,4,2179.96,FOB,Air,2026-06-04,2026-06-04,6,N,Delivered,1,68,1.0,China,Offshore,0.35,8719.84,2942.9460000000004,11771.784000000001,3051.9440000000013,2026-03
PO-1249,SUP-003,PDU / MEP Equipment,8537.1,2026-03-30,16,1884.18,EXW,Air,2026-05-18,2026-05-24,6,N,Delivered,1,55,0.0,China,Offshore,0.35,30146.88,2543.643,40698.288,10551.408,2026-03
PO-1081,SUP-002,GPU Servers,8471.5,2026-03-30,4,16970.12,FOB,Truck,2026-04-23,2026-05-09,3,Y,Delivered,1,40,0.0,Mexico,Nearshore,0.0,67880.48,16970.12,67880.48,0.0,2026-03
PO-1048,SUP-003,Network Switches,8517.62,2026-04-01,8,2515.57,FOB,Ocean,2026-05-03,2026-05-02,5,N,Delivered,1,31,1.0,China,Offshore,0.35,20124.56,3396.0195000000003,27168.156000000003,7043.596000000001,2026-04
PO-1105,SUP-003,PDU / MEP Equipment,8537.1,2026-04-05,12,2157.37,CIF,Air,2026-05-12,2026-05-10,11,N,Delivered,1,35,1.0,China,Offshore,0.35,25888.44,2912.4495,34949.394,9060.954000000002,2026-04
PO-1047,SUP-002,GPU Servers,8471.5,2026-04-07,20,19048.0,FOB,Ocean,2026-04-23,2026-05-09,4,N,Delivered,1,32,0.0,Mexico,Nearshore,0.0,380960.0,19048.0,380960.0,0.0,2026-04
PO-1211,SUP-003,Network Switches,8517.62,2026-04-10,16,2078.23,CIF,Ocean,2026-05-11,2026-06-06,8,N,Delivered,1,57,0.0,China,Offshore,0.35,33251.68,2805.6105000000002,44889.768000000004,11638.088000000003,2026-04
PO-1267,SUP-001,GPU Servers,8471.5,2026-04-11,20,19032.22,FOB,Truck,2026-04-20,2026-04-18,0,N,Delivered,1,7,1.0,United States,Domestic,0.0,380644.4,19032.22,380644.4,0.0,2026-04
PO-1258,SUP-003,PDU / MEP Equipment,8537.1,2026-04-11,2,1950.96,EXW,Air,2026-04-29,2026-04-28,4,N,Delivered,1,17,1.0,China,Offshore,0.35,3901.92,2633.7960000000003,5267.592000000001,1365.6720000000005,2026-04
PO-1220,SUP-002,Network Switches,8517.62,2026-04-11,25,4327.06,FOB,Truck,2026-05-07,2026-05-10,3,N,Delivered,1,29,0.0,Mexico,Nearshore,0.0,108176.50000000001,4327.06,108176.50000000001,0.0,2026-04
PO-1147,SUP-003,PDU / MEP Equipment,8537.1,2026-04-12,16,1607.95,CIF,Air,2026-05-23,2026-05-26,6,Y,Delivered,1,44,0.0,China,Offshore,0.35,25727.2,2170.7325,34731.72,9004.52,2026-04
PO-1306,SUP-002,Network Switches,8517.62,2026-04-13,4,4300.39,CIF,Truck,2026-05-01,2026-04-30,2,N,Delivered,1,17,1.0,Mexico,Nearshore,0.0,17201.56,4300.39,17201.56,0.0,2026-04
PO-1255,SUP-002,GPU Servers,8471.5,2026-04-14,2,20588.46,FOB,Truck,2026-05-04,2026-05-03,3,N,Delivered,1,19,1.0,Mexico,Nearshore,0.0,41176.92,20588.46,41176.92,0.0,2026-04
PO-1054,SUP-002,Network Switches,8517.62,2026-04-16,10,4795.62,CIF,Ocean,2026-05-04,2026-05-03,1,N,Delivered,1,17,1.0,Mexico,Nearshore,0.0,47956.2,4795.62,47956.2,0.0,2026-04
PO-1046,SUP-003,PDU / MEP Equipment,8537.1,2026-04-18,25,1777.23,CIF,Air,2026-05-22,2026-05-21,10,N,Delivered,1,33,1.0,China,Offshore,0.35,44430.75,2399.2605000000003,59981.51250000001,15550.762500000012,2026-04
PO-1208,SUP-001,PDU / MEP Equipment,8537.1,2026-04-18,20,2411.28,DDP,Truck,2026-05-02,2026-05-02,1,N,Delivered,1,14,1.0,United States,Domestic,0.0,48225.600000000006,2411.28,48225.600000000006,0.0,2026-04
PO-1151,SUP-003,GPU Servers,8471.5,2026-04-19,40,16341.91,CIF,Ocean,2026-05-31,2026-05-30,5,N,Delivered,1,41,1.0,China,Offshore,0.35,653676.4,22061.5785,882463.14,228786.74,2026-04
PO-1027,SUP-002,GPU Servers,8471.5,2026-04-19,2,17719.55,FOB,Truck,2026-05-05,2026-05-03,2,N,Delivered,1,14,1.0,Mexico,Nearshore,0.0,35439.1,17719.55,35439.1,0.0,2026-04
PO-1273,SUP-001,GPU Servers,8471.5,2026-04-20,12,24025.23,DDP,Truck,2026-05-02,2026-05-02,1,N,Delivered,1,12,1.0,United States,Domestic,0.0,288302.76,24025.23,288302.76,0.0,2026-04
PO-1060,SUP-001,PDU / MEP Equipment,8537.1,2026-04-21,5,2427.74,DDP,Air,2026-04-28,2026-04-27,1,N,Delivered,1,6,1.0,United States,Domestic,0.0,12138.699999999999,2427.74,12138.699999999999,0.0,2026-04
PO-1042,SUP-001,PDU / MEP Equipment,8537.1,2026-04-27,8,3645.49,FOB,Truck,2026-05-10,2026-05-10,1,N,Delivered,1,13,1.0,United States,Domestic,0.0,29163.92,3645.49,29163.92,0.0,2026-04
PO-1224,SUP-002,GPU Servers,8471.5,2026-04-28,20,19468.47,CIF,Truck,2026-05-07,2026-05-07,3,N,Delivered,1,9,1.0,Mexico,Nearshore,0.0,389369.4,19468.47,389369.4,0.0,2026-04
PO-1169,SUP-002,GPU Servers,8471.5,2026-04-29,5,19255.45,FOB,Truck,2026-05-12,2026-05-12,3,N,Delivered,1,13,1.0,Mexico,Nearshore,0.0,96277.25,19255.45,96277.25,0.0,2026-04
PO-1077,SUP-002,Network Switches,8517.62,2026-05-02,10,4340.88,CIF,Ocean,2026-05-17,2026-05-16,1,N,Delivered,1,14,1.0,Mexico,Nearshore,0.0,43408.8,4340.88,43408.8,0.0,2026-05
PO-1073,SUP-001,PDU / MEP Equipment,8537.1,2026-05-02,10,3583.61,DDP,Truck,2026-05-16,2026-05-14,0,N,Delivered,1,12,1.0,United States,Domestic,0.0,35836.1,3583.61,35836.1,0.0,2026-05
PO-1018,SUP-001,GPU Servers,8471.5,2026-05-05,16,18706.33,FOB,Air,2026-05-16,2026-05-15,1,N,Delivered,1,10,1.0,United States,Domestic,0.0,299301.28,18706.33,299301.28,0.0,2026-05
PO-1185,SUP-001,PDU / MEP Equipment,8537.1,2026-05-06,40,3914.85,FOB,Air,2026-05-20,2026-05-18,1,N,Delivered,1,12,1.0,United States,Domestic,0.0,156594.0,3914.85,156594.0,0.0,2026-05
PO-1190,SUP-002,GPU Servers,8471.5,2026-05-10,5,17841.98,CIF,Ocean,2026-05-24,2026-05-23,3,N,Delivered,1,13,1.0,Mexico,Nearshore,0.0,89209.9,17841.98,89209.9,0.0,2026-05
PO-1263,SUP-003,PDU / MEP Equipment,8537.1,2026-05-17,25,1814.8,FOB,Air,2026-06-11,2026-06-10,10,N,Delivered,1,24,1.0,China,Offshore,0.35,45370.0,2449.98,61249.5,15879.5,2026-05
PO-1052,SUP-001,PDU / MEP Equipment,8537.1,2026-05-18,16,3726.98,DDP,Truck,2026-06-01,2026-05-31,0,N,Delivered,1,13,1.0,United States,Domestic,0.0,59631.68,3726.98,59631.68,0.0,2026-05
PO-1141,SUP-003,Network Switches,8517.62,2026-05-18,5,2856.14,EXW,Ocean,2026-06-15,2026-06-13,8,Y,Delivered,1,26,1.0,China,Offshore,0.35,14280.699999999999,3855.789,19278.945,4998.245000000001,2026-05
PO-1023,SUP-003,GPU Servers,8471.5,2026-05-19,8,16520.64,CIF,Ocean,2026-06-23,2026-06-22,8,N,Delivered,1,34,1.0,China,Offshore,0.35,132165.12,22302.864,178422.912,46257.792000000016,2026-05
PO-1264,SUP-002,GPU Servers,8471.5,2026-05-21,2,19938.32,FOB,Ocean,2026-06-07,2026-06-07,1,N,Delivered,1,17,1.0,Mexico,Nearshore,0.0,39876.64,19938.32,39876.64,0.0,2026-05
PO-1085,SUP-001,PDU / MEP Equipment,8537.1,2026-05-22,25,3254.88,DDP,Air,2026-05-30,2026-05-29,1,N,Delivered,1,7,1.0,United States,Domestic,0.0,81372.0,3254.88,81372.0,0.0,2026-05
PO-1166,SUP-003,Network Switches,8517.62,2026-05-23,4,3310.35,CIF,Air,2026-06-26,2026-06-24,4,N,Delivered,1,32,1.0,China,Offshore,0.35,13241.4,4468.9725,17875.89,4634.49,2026-05
PO-1068,SUP-003,PDU / MEP Equipment,8537.1,2026-05-23,40,1461.77,FOB,Air,2026-06-26,2026-06-24,8,N,Delivered,1,32,1.0,China,Offshore,0.35,58470.8,1973.3895,78935.58,20464.78,2026-05
PO-1227,SUP-003,GPU Servers,8471.5,2026-05-23,12,16706.22,CIF,Air,2026-07-12,2026-07-12,5,N,Delivered,1,50,1.0,China,Offshore,0.35,200474.64,22553.397000000004,270640.7640000001,70166.12400000007,2026-05
PO-1318,SUP-002,Network Switches,8517.62,2026-05-25,20,4090.31,FOB,Truck,2026-06-14,2026-06-12,2,Y,Delivered,1,18,1.0,Mexico,Nearshore,0.0,81806.2,4090.31,81806.2,0.0,2026-05
PO-1285,SUP-003,PDU / MEP Equipment,8537.1,2026-05-27,20,1786.49,EXW,Ocean,2026-06-17,2026-06-15,8,N,Delivered,1,19,1.0,China,Offshore,0.35,35729.8,2411.7615,48235.23,12505.43,2026-05
PO-1245,SUP-003,GPU Servers,8471.5,2026-05-28,20,16023.55,FOB,Ocean,2026-07-12,2026-07-10,9,N,Delivered,1,43,1.0,China,Offshore,0.35,320471.0,21631.7925,432635.85,112164.84999999998,2026-05
PO-1087,SUP-002,Network Switches,8517.62,2026-05-28,25,4984.15,CIF,Truck,2026-06-15,2026-06-20,4,N,Delivered,1,23,0.0,Mexico,Nearshore,0.0,124603.74999999999,4984.15,124603.74999999999,0.0,2026-05
PO-1159,SUP-002,Network Switches,8517.62,2026-05-29,25,4011.09,FOB,Ocean,2026-06-11,2026-06-10,1,N,Delivered,1,12,1.0,Mexico,Nearshore,0.0,100277.25,4011.09,100277.25,0.0,2026-05
PO-1253,SUP-002,GPU Servers,8471.5,2026-06-02,20,18649.86,CIF,Truck,2026-06-12,2026-06-10,1,N,Delivered,1,8,1.0,Mexico,Nearshore,0.0,372997.2,18649.86,372997.2,0.0,2026-06
PO-1024,SUP-001,PDU / MEP Equipment,8537.1,2026-06-04,5,2368.14,FOB,Truck,2026-06-18,2026-07-05,0,N,Delivered,1,31,0.0,United States,Domestic,0.0,11840.699999999999,2368.14,11840.699999999999,0.0,2026-06
PO-1336,SUP-001,GPU Servers,8471.5,2026-06-04,40,23938.83,FOB,Truck,2026-06-18,2026-06-18,1,N,Delivered,1,14,1.0,United States,Domestic,0.0,957553.2000000001,23938.83,957553.2000000001,0.0,2026-06
PO-1153,SUP-003,GPU Servers,8471.5,2026-06-09,25,13989.11,FOB,Ocean,2026-07-22,,9,N,In Transit,1,0,,China,Offshore,0.35,349727.75,18885.2985,472132.4625,122404.71250000002,2026-06
PO-1111,SUP-002,GPU Servers,8471.5,2026-06-15,25,21542.0,FOB,Ocean,2026-07-04,,4,N,In Transit,1,0,,Mexico,Nearshore,0.0,538550.0,21542.0,538550.0,0.0,2026-06
PO-1157,SUP-002,GPU Servers,8471.5,2026-06-17,20,16747.87,FOB,Ocean,2026-07-08,,3,N,In Transit,1,0,,Mexico,Nearshore,0.0,334957.39999999997,16747.87,334957.39999999997,0.0,2026-06
PO-1165,SUP-003,Network Switches,8517.62,2026-06-20,4,2863.63,FOB,Air,2026-07-28,,6,N,In Transit,1,0,,China,Offshore,0.35,11454.52,3865.9005,15463.602,4009.0820000000003,2026-06
PO-1039,SUP-003,PDU / MEP Equipment,8537.1,2026-06-22,8,1790.22,EXW,Air,2026-07-24,,12,N,In Transit,1,0,,China,Offshore,0.35,14321.76,2416.797,19334.376,5012.616,2026-06
PO-1026,SUP-003,GPU Servers,8471.5,2026-06-25,8,14665.65,FOB,Ocean,2026-07-27,,7,N,In Transit,1,0,,China,Offshore,0.35,117325.2,19798.627500000002,158389.02000000002,41063.82000000002,2026-06
PO-1339,SUP-002,Network Switches,8517.62,2026-06-25,16,4767.45,FOB,Truck,2026-07-17,,1,N,In Transit,1,0,,Mexico,Nearshore,0.0,76279.2,4767.45,76279.2,0.0,2026-06
PO-1071,SUP-002,Network Switches,8517.62,2026-06-25,10,4127.85,CIF,Ocean,2026-07-14,,1,N,In Transit,1,0,,Mexico,Nearshore,0.0,41278.5,4127.85,41278.5,0.0,2026-06
PO-1335,SUP-002,GPU Servers,8471.5,2026-06-25,20,21237.62,FOB,Ocean,2026-07-19,,3,N,In Transit,1,0,,Mexico,Nearshore,0.0,424752.39999999997,21237.62,424752.39999999997,0.0,2026-06
PO-1293,SUP-003,Network Switches,8517.62,2026-06-26,40,2444.62,FOB,Air,2026-07-28,,11,N,In Transit,1,0,,China,Offshore,0.35,97784.79999999999,3300.237,132009.48,34224.68000000002,2026-06
PO-1199,SUP-003,GPU Servers,8471.5,2026-06-26,25,13285.39,EXW,Ocean,2026-07-24,,8,N,In Transit,1,0,,China,Offshore,0.35,332134.75,17935.2765,448381.9125,116247.16249999998,2026-06
PO-1188,SUP-002,Network Switches,8517.62,2026-06-26,16,5096.28,FOB,Truck,2026-07-15,,1,N,In Transit,1,0,,Mexico,Nearshore,0.0,81540.48,5096.28,81540.48,0.0,2026-06
PO-1170,SUP-002,GPU Servers,8471.5,2026-06-28,40,21582.67,CIF,Truck,2026-07-15,,4,N,In Transit,1,0,,Mexico,Nearshore,0.0,863306.7999999999,21582.67,863306.7999999999,0.0,2026-06
