PO_ID,Supplier_ID,Product_Category,HS_Code,PO_Date,Quantity,Unit_Cost_USD,Incoterm,Freight_Mode,Promised_Delivery_Date,Actual_Delivery_Date,Customs_Clearance_Days,Defect_Flag,PO_Status
PO-1319,SUP-001,PDU / MEP Equipment,8537.10,2025-01-06,8,2982.5,DDP,Truck,2025-01-22,2025-01-22,1,N,Delivered
PO-1013,SUP-001,GPU Servers,8471.50,2025-01-06,2,21585.41,DDP,Air,2025-01-17,2025-01-16,0,N,Delivered
PO-1012,SUP-002,GPU Servers,8471.50,2025-01-09,25,17318.17,FOB,Ocean,2025-02-01,2025-02-10,2,N,Delivered
PO-1002,SUP-002,GPU Servers,8471.50,2025-01-12,16,16525.27,FOB,Truck,2025-01-29,2025-01-27,3,N,Delivered
PO-1125,SUP-002,Network Switches,8517.62,2025-01-13,5,3716.54,CIF,Ocean,2025-02-04,2025-02-02,1,N,Delivered
PO-1229,SUP-001,GPU Servers,8471.50,2025-01-15,12,23435.22,DDP,Air,2025-01-28,2025-01-27,0,N,Delivered
PO-1230,SUP-001,PDU / MEP Equipment,8537.10,2025-01-18,10,3972.18,DDP,Truck,2025-01-26,2025-01-26,1,N,Delivered
PO-1088,SUP-001,PDU / MEP Equipment,8537.10,2025-01-21,5,2844.16,DDP,Air,2025-02-02,2025-02-01,1,N,Delivered
PO-1154,SUP-003,Network Switches,8517.62,2025-01-22,12,1921.59,CIF,Ocean,2025-03-08,2025-03-06,12,N,Delivered
PO-1287,SUP-003,PDU / MEP Equipment,8537.10,2025-01-23,10,2468.63,EXW,Air,2025-02-16,2025-02-14,11,N,Delivered
PO-1314,SUP-002,Network Switches,8517.62,2025-01-25,20,3806.87,CIF,Ocean,2025-02-09,2025-02-21,3,N,Delivered
PO-1128,SUP-001,PDU / MEP Equipment,8537.10,2025-01-27,40,3716.76,DDP,Truck,2025-02-09,2025-02-15,1,N,Delivered
PO-1107,SUP-003,GPU Servers,8471.50,2025-01-27,8,15164.08,CIF,Ocean,2025-03-15,2025-03-14,4,N,Delivered
PO-1095,SUP-001,PDU / MEP Equipment,8537.10,2025-01-28,10,2505.54,FOB,Air,2025-02-06,2025-02-19,1,Y,Delivered
PO-1180,SUP-003,Network Switches,8517.62,2025-01-29,25,2458.03,EXW,Ocean,2025-03-03,2025-03-02,12,N,Delivered
PO-1315,SUP-002,Network Switches,8517.62,2025-02-01,2,3382.27,CIF,Truck,2025-02-19,2025-02-17,4,N,Delivered
PO-1053,SUP-003,GPU Servers,8471.50,2025-02-02,5,13695.54,EXW,Ocean,2025-03-10,2025-03-09,7,N,Delivered
PO-1120,SUP-002,GPU Servers,8471.50,2025-02-04,10,19644.04,CIF,Truck,2025-02-18,2025-02-18,2,N,Delivered
PO-1308,SUP-003,PDU / MEP Equipment,8537.10,2025-02-06,25,1788.42,EXW,Ocean,2025-03-06,2025-04-05,10,N,Delivered
PO-1233,SUP-003,GPU Servers,8471.50,2025-02-07,16,13522.0,EXW,Ocean,2025-03-08,2025-03-07,5,N,Delivered
PO-1233,SUP-003,GPU Servers,8471.50,2025-02-07,16,13522.0,EXW,Ocean,2025-03-08,2025-03-07,5,N,Delivered
PO-1210,SUP-003,Network Switches,8517.62,2025-02-07,5,1984.45,CIF,Air,2025-03-12,2025-03-10,8,N,Delivered
PO-1079,SUP-003,GPU Servers,8471.50,2025-02-12,10,13636.96,FOB,Ocean,2025-03-18,2025-03-17,11,N,Delivered
PO-1198,SUP-003,Network Switches,8517.62,2025-02-13,40,2827.33,FOB,Air,2025-03-22,2025-03-22,10,N,Delivered
PO-1097,SUP-003,GPU Servers,8471.50,2025-02-15,2,13876.49,CIF,Ocean,2025-03-25,2025-03-24,4,N,Delivered
PO-1266,SUP-003,Network Switches,8517.62,2025-02-17,25,2165.52,FOB,Ocean,2025-03-18,2025-04-17,6,N,Delivered
PO-1031,SUP-003,Network Switches,8517.62,2025-02-20,10,3380.33,FOB,Air,2025-03-22,2025-03-20,11,N,Delivered
PO-1275,SUP-003,PDU / MEP Equipment,8537.10,2025-02-22,2,2297.91,EXW,Air,2025-03-26,2025-03-25,10,N,Delivered
PO-1118,SUP-002,GPU Servers,8471.50,2025-02-27,10,,fob,Truck,2025-03-17,2025-04-06,4,N,Delivered
PO-1019,SUP-002,GPU Servers,8471.50,2025-03-02,4,21292.19,CIF,Truck,2025-03-15,2025-03-15,2,N,Delivered
PO-1133,SUP-003,Network Switches,8517.62,2025-03-04,10,1953.91,EXW,Ocean,2025-04-04,2025-04-02,8,N,Delivered
PO-1290,SUP-003,PDU / MEP Equipment,8537.10,2025-03-06,4,2104.21,CIF,Ocean,2025-04-09,2025-04-08,7,N,Delivered
PO-1270,SUP-003,Network Switches,8517.62,2025-03-07,5,1958.97,CIF,Air,2025-04-27,2025-05-07,6,N,Delivered
PO-1228,SUP-003,GPU Servers,8471.50,2025-03-07,2,17172.45,FOB,Ocean,2025-04-01,2025-03-30,6,N,Delivered
PO-1112,SUP-003,PDU / MEP Equipment,8537.10,2025-03-09,16,1418.55,FOB,Air,2025-04-09,2025-05-06,4,N,Delivered
PO-1206,SUP-003,PDU / MEP Equipment,8537.10,2025-03-10,8,2332.58,EXW,Ocean,2025-04-06,2025-05-10,8,N,Delivered
PO-1156,SUP-003,PDU / MEP Equipment,8537.10,2025-03-11,2,1969.01,EXW,Ocean,2025-04-17,2025-05-18,3,N,Delivered
PO-1016,SUP-001,GPU Servers,8471.50,2025-03-12,25,22605.4,FOB,Truck,2025-03-22,2025-03-22,0,N,Delivered
PO-1221,SUP-002,Network Switches,8517.62,2025-03-21,25,4992.43,FOB,Ocean,2025-04-04,2025-04-04,3,N,Delivered
PO-1044,SUP-001,PDU / MEP Equipment,8537.10,2025-03-21,40,3193.19,DDP,Air,2025-04-01,2025-04-01,1,N,Delivered
PO-1303,SUP-001,PDU / MEP Equipment,8537.10,2025-03-23,16,3844.46,FOB,Truck,2025-04-01,2025-03-30,1,N,Delivered
PO-1310,SUP-002,GPU Servers,8471.50,2025-03-23,8,16843.09,CIF,Truck,2025-04-03,2025-04-01,1,N,Delivered
PO-1058,SUP-003,PDU / MEP Equipment,8537.10,2025-03-24,8,1408.34,FOB,Ocean,2025-04-29,2025-04-29,12,N,Delivered
PO-1130,SUP-002,Network Switches,8517.62,2025-03-25,25,4969.01,CIF,Ocean,2025-04-15,2025-04-13,2,N,Delivered
PO-1236,SUP-002,GPU Servers,8471.50,2025-03-25,8,18522.99,CIF,Ocean,2025-04-11,2025-04-11,4,N,Delivered
PO-1232,SUP-001,PDU / MEP Equipment,8537.10,2025-03-27,20,4075.82,FOB,Air,2025-04-11,2025-04-10,0,N,Delivered
PO-1004,SUP-003,Network Switches,8517.62,2025-03-27,40,1930.88,FOB,Ocean,2025-05-14,2025-05-14,4,N,Delivered
PO-1237,SUP-003,PDU / MEP Equipment,8537.10,2025-03-27,2,1728.09,EXW,Ocean,2025-05-11,2025-05-10,8,N,Delivered
PO-1123,SUP-001,GPU Servers,8471.50,2025-03-30,16,22944.61,DDP,Air,2025-04-07,2025-04-07,1,N,Delivered
PO-1332,SUP-001,PDU / MEP Equipment,8537.10,2025-03-30,10,3079.09,DDP,air,2025-04-04,2025-04-02,1,N,Delivered
PO-1146,SUP-003,Network Switches,8517.62,2025-04-01,20,2513.43,EXW,Air,2025-05-09,2025-05-28,4,N,Delivered
PO-1136,SUP-003,Network Switches,8517.62,2025-04-02,2,2090.59,FOB,Air,2025-05-01,2025-04-29,11,N,Delivered
PO-1251,SUP-002,GPU Servers,8471.50,2025-04-03,12,,FOB,Ocean,2025-04-26,2025-04-24,3,N,Delivered
PO-1239,SUP-001,PDU / MEP Equipment,8537.10,2025-04-03,8,3995.05,FOB,Air,2025-04-15,2025-04-14,0,N,Delivered
PO-1063,SUP-002,Network Switches,8517.62,2025-04-03,20,4576.34,FOB,Ocean,2025-04-22,2025-04-21,4,N,Delivered
PO-1014,SUP-001,GPU Servers,8471.50,2025-04-03,25,22145.27,FOB,Air,2025-04-13,2025-04-11,0,N,Delivered
PO-1331,SUP-002,GPU Servers,8471.50,2025-04-05,40,20772.96,FOB,Truck,2025-04-21,2025-04-21,2,N,Delivered
PO-1134,SUP-003,PDU / MEP Equipment,8537.10,2025-04-08,16,1743.85,CIF,Ocean,2025-06-01,2025-06-01,10,N,Delivered
PO-1090,SUP-003,GPU Servers,8471.50,2025-04-08,4,17058.01,CIF,Air,2025-05-16,2025-05-14,3,N,Delivered
PO-1082,SUP-002,GPU Servers,8471.50,2025-04-11,20,21378.28,FOB,Ocean,2025-04-25,2025-04-23,3,N,Delivered
PO-1140,SUP-003,GPU Servers,8471.50,2025-04-11,25,15395.05,FOB,Air,2025-05-15,2025-05-14,5,N,Delivered
PO-1064,SUP-002,Network Switches,8517.62,2025-04-11,8,5121.14,CIF,Ocean,2025-04-30,2025-04-29,3,N,Delivered
PO-1117,SUP-001,GPU Servers,8471.50,2025-04-11,12,20401.53,FOB,Air,2025-04-18,2025-04-18,0,N,Delivered
PO-1242,SUP-001,PDU / MEP Equipment,8537.10,2025-04-11,16,2634.42,DDP,Air,2025-04-23,2025-04-22,0,Y,Delivered
PO-1001,SUP-002,Network Switches,8517.62,2025-04-11,40,4357.18,FOB,Ocean,2025-04-28,2025-04-28,2,Y,Delivered
PO-1043,SUP-002,GPU Servers,8471.50,2025-04-11,10,19343.15,FOB,Truck,2025-04-26,2025-04-24,1,N,Delivered
PO-1021,SUP-001,GPU Servers,8471.50,2025-04-11,5,21620.41,DDP,Truck,2025-04-19,2025-04-27,1,N,Delivered
PO-1003,SUP-001,PDU / MEP Equipment,8537.10,2025-04-15,40,3845.73,FOB,Air,2025-04-26,2025-04-25,0,N,Delivered
PO-1282,SUP-003,PDU / MEP Equipment,8537.10,2025-04-18,40,2039.14,FOB,Air,2025-05-20,2025-05-18,8,N,Delivered
PO-1280,SUP-003,PDU / MEP Equipment,8537.10,2025-04-21,5,2014.01,EXW,Ocean,2025-05-30,2025-05-29,4,N,Delivered
PO-1252,SUP-003,Network Switches,8517.62,2025-04-24,8,2488.37,CIF,Ocean,2025-06-06,2025-06-05,10,N,Delivered
PO-1231,SUP-003,PDU / MEP Equipment,8537.10,2025-04-25,5,2439.28,CIF,Air,2025-06-14,2025-07-19,8,N,Delivered
PO-1045,SUP-001,GPU Servers,8471.50,2025-04-25,5,21065.25,DDP,Truck,2025-05-11,2025-05-09,0,N,Delivered
PO-1305,SUP-003,PDU / MEP Equipment,8537.10,2025-04-27,20,2202.37,FOB,Ocean,2025-06-06,2025-06-04,11,N,Delivered
PO-1011,SUP-003,PDU / MEP Equipment,8537.10,2025-05-03,10,1839.63,FOB,Ocean,2025-06-08,2025-07-14,7,N,Delivered
PO-1207,SUP-003,Network Switches,8517.62,2025-05-05,4,2737.61,FOB,Ocean,2025-06-06,2025-07-09,10,N,Delivered
PO-1279,SUP-001,PDU / MEP Equipment,8537.10,2025-05-09,5,3620.19,FOB,Air,2025-05-25,2025-06-08,0,N,Delivered
PO-1309,SUP-001,GPU Servers,8471.50,2025-05-10,5,21052.62,DDP,Air,2025-05-23,2025-05-21,0,N,Delivered
PO-1178,SUP-002,GPU Servers,8471.50,2025-05-11,5,20403.44,CIF,Ocean,2025-05-25,2025-05-23,4,N,Delivered
PO-1311,SUP-003,Network Switches,8517.62,2025-05-11,2,2815.93,CIF,Air,2025-06-14,2025-06-13,9,N,Delivered
PO-1056,SUP-003,PDU / MEP Equipment,8537.10,2025-05-15,40,1673.52,FOB,Air,2025-06-11,2025-06-09,8,N,Delivered
PO-1212,SUP-001,PDU / MEP Equipment,8537.10,2025-05-16,2,3617.49,DDP,Air,2025-05-28,2025-05-26,1,N,Delivered
PO-1171,SUP-002,GPU Servers,8471.50,2025-05-17,40,21269.96,FOB,Ocean,2025-06-06,2025-06-24,1,N,Delivered
PO-1109,SUP-003,PDU / MEP Equipment,8537.10,2025-05-19,4,1429.18,EXW,Ocean,2025-06-14,2025-06-12,3,N,Delivered
PO-1142,SUP-003,GPU Servers,8471.50,2025-05-20,5,16616.89,CIF,Ocean,2025-06-04,2025-06-02,10,N,Delivered
PO-1241,SUP-003,PDU / MEP Equipment,8537.10,2025-05-21,20,1554.99,CIF,Air,2025-06-29,2025-06-28,4,N,Delivered
PO-1155,SUP-003,Network Switches,8517.62,2025-05-22,12,2074.11,EXW,Air,2025-06-18,2025-06-18,10,N,Delivered
PO-1084,SUP-003,GPU Servers,8471.50,2025-05-25,16,16722.67,CIF,Air,2025-07-05,2025-07-24,3,N,Delivered
PO-1321,SUP-002,GPU Servers,8471.50,2025-05-25,20,21604.15,FOB,Ocean,2025-06-11,2025-06-25,2,N,Delivered
PO-1164,SUP-002,Network Switches,8517.62,2025-05-26,12,3248.19,FOB,Truck,2025-06-09,2025-06-08,1,N,Delivered
PO-1145,SUP-003,PDU / MEP Equipment,8537.10,2025-05-27,20,2555.18,CIF,Ocean,2025-06-28,2025-07-03,11,N,Delivered
PO-1149,SUP-001,PDU / MEP Equipment,8537.10,2025-05-28,20,3557.73,FOB,Truck,2025-06-07,2025-06-06,1,N,Delivered
PO-1020,SUP-001,PDU / MEP Equipment,8537.10,2025-05-29,20,2792.25,FOB,Air,2025-06-12,2025-06-11,0,N,Delivered
PO-1254,SUP-003,GPU Servers,8471.50,2025-05-31,20,15267.15,CIF,Air,2025-07-01,2025-06-30,8,N,Delivered
PO-1320,SUP-001,GPU Servers,8471.50,2025-05-31,12,23483.72,DDP,Air,2025-06-13,2025-06-13,0,N,Delivered
PO-1307,SUP-003,Network Switches,8517.62,2025-06-06,12,2319.97,EXW,Air,2025-07-16,2025-07-14,7,N,Delivered
PO-1113,SUP-003,Network Switches,8517.62,2025-06-06,40,3292.48,CIF,Air,2025-07-16,2025-07-15,9,N,Delivered
PO-1032,SUP-001,GPU Servers,8471.50,2025-06-07,40,18533.13,DDP,Truck,2025-06-16,2025-06-15,0,N,Delivered
PO-1070,SUP-002,Network Switches,8517.62,2025-06-10,10,3404.28,FOB,Truck,2025-06-27,2025-06-27,4,N,Delivered
PO-1049,SUP-001,PDU / MEP Equipment,8537.10,2025-06-11,16,3635.55,DDP,Air,2025-06-24,2025-06-22,0,N,Delivered
PO-1172,SUP-003,GPU Servers,8471.50,2025-06-11,12,13141.71,EXW,Air,2025-07-17,2025-07-15,11,N,Delivered
PO-1174,SUP-003,GPU Servers,8471.50,2025-06-12,40,13367.19,CIF,Ocean,2025-07-10,2025-07-10,3,N,Delivered
PO-1104,SUP-002,GPU Servers,8471.50,2025-06-13,4,21195.46,CIF,Ocean,2025-06-30,2025-07-21,1,N,Delivered
PO-1289,SUP-002,Network Switches,8517.62,2025-06-14,40,4146.73,FOB,Ocean,2025-07-05,2025-07-04,4,N,Delivered
PO-1122,SUP-002,gpu servers,8471.50,2025-06-16,12,21113.29,FOB,Truck,2025-07-04,2025-07-04,2,N,Delivered
PO-1316,SUP-002,Network Switches,8517.62,2025-06-18,8,3634.75,FOB,Truck,2025-07-10,2025-07-10,4,N,Delivered
PO-1057,SUP-001,GPU Servers,8471.50,2025-06-22,40,21062.65,DDP,Air,2025-07-03,2025-07-07,1,Y,Delivered
PO-1329,SUP-003,Network Switches,8517.62,2025-06-23,5,2684.6,FOB,Ocean,2025-07-23,2025-07-22,6,Y,Delivered
PO-1281,SUP-002,Network Switches,8517.62,2025-06-23,8,4217.44,FOB,Ocean,2025-07-12,2025-07-12,4,N,Delivered
PO-1256,SUP-003,GPU Servers,8471.50,2025-06-23,25,16939.35,EXW,Air,2025-08-10,2025-08-27,11,N,Delivered
PO-1277,SUP-001,PDU / MEP Equipment,8537.10,2025-06-24,10,3120.59,FOB,Air,2025-07-04,2025-07-04,0,N,Delivered
PO-1326,SUP-002,GPU Servers,8471.50,2025-06-25,16,17329.11,CIF,Truck,2025-07-14,2025-07-30,4,N,Delivered
PO-1294,SUP-002,GPU Servers,8471.50,2025-06-25,4,18194.14,FOB,Truck,2025-07-16,2025-07-15,1,N,Delivered
PO-1292,SUP-002,GPU Servers,8471.50,2025-06-25,10,17789.15,FOB,Truck,2025-07-08,2025-07-08,3,N,Delivered
PO-1244,SUP-002,Network Switches,8517.62,2025-06-26,10,3338.47,FOB,Ocean,2025-07-07,2025-07-06,3,N,Delivered
PO-1265,SUP-001,PDU / MEP Equipment,8537.10,2025-06-27,20,2527.41,FOB,Truck,2025-07-11,2025-07-11,1,N,Delivered
PO-1269,SUP-002,GPU Servers,8471.50,2025-06-27,10,18239.91,CIF,Truck,2025-07-10,2025-07-10,2,N,Delivered
PO-1262,SUP-002,GPU Servers,8471.50,2025-07-02,10,17218.53,CIF,Ocean,2025-07-21,2025-07-20,1,N,Delivered
PO-1262,SUP-002,GPU Servers,8471.50,2025-07-02,10,17218.53,CIF,Ocean,2025-07-21,2025-07-20,1,N,Delivered
PO-1041,SUP-002,GPU Servers,8471.50,2025-07-03,16,18844.4,FOB,Ocean,2025-07-26,2025-07-25,3,N,Delivered
PO-1041,SUP-002,GPU Servers,8471.50,2025-07-03,16,18844.4,FOB,Ocean,2025-07-26,2025-07-25,3,N,Delivered
PO-1291,SUP-003,GPU Servers,8471.50,2025-07-04,5,16378.11,EXW,Air,2025-07-30,2025-07-30,8,N,Delivered
PO-1126,SUP-001,PDU / MEP Equipment,8537.10,2025-07-04,8,3847.44,DDP,Truck,2025-07-17,2025-07-17,1,N,Delivered
PO-1317,SUP-002,Network Switches,8517.62,2025-07-05,12,4531.16,FOB,Ocean,2025-07-20,2025-07-19,2,N,Delivered
PO-1067,SUP-001,PDU / MEP Equipment,8537.10,2025-07-08,25,,FOB,Truck,2025-07-19,2025-07-19,1,N,Delivered
PO-1323,SUP-002,Network Switches,8517.62,2025-07-11,8,3480.59,FOB,Ocean,2025-07-26,2025-07-26,2,N,Delivered
PO-1333,SUP-001,PDU / MEP Equipment,8537.10,2025-07-14,12,,FOB,Air,2025-07-22,2025-07-21,1,N,Delivered
PO-1135,SUP-003,GPU Servers,8471.50,2025-07-17,25,15636.0,EXW,Air,2025-08-03,2025-08-02,4,N,Delivered
PO-1080,SUP-002,Network Switches,8517.62,2025-07-17,20,5067.13,FOB,Truck,2025-07-31,2025-07-31,3,N,Delivered
PO-1066,SUP-001,GPU Servers,8471.50,2025-07-21,10,20209.04,DDP,Truck,2025-07-27,2025-07-26,0,N,Delivered
PO-1144,SUP-002,GPU Servers,8471.50,2025-07-23,20,16341.96,CIF,Ocean,2025-08-06,2025-08-06,4,N,Delivered
PO-1299,SUP-002,GPU Servers,8471.50,2025-07-25,8,17796.53,CIF,Truck,2025-08-10,2025-08-10,2,N,Delivered
PO-1074,SUP-003,GPU Servers,8471.50,2025-07-27,8,15840.94,FOB,Ocean,2025-09-11,2025-09-11,4,N,Delivered
PO-1276,SUP-001,PDU / MEP Equipment,8537.10,2025-08-01,10,2903.9,DDP,Truck,2025-08-11,2025-08-16,1,N,Delivered
PO-1108,SUP-003,GPU Servers,8471.50,2025-08-06,12,14147.71,CIF,Ocean,2025-09-14,2025-09-12,7,N,Delivered
PO-1072,SUP-002,Network Switches,8517.62,2025-08-06,4,3599.04,FOB,Truck,2025-08-28,2025-08-27,2,N,Delivered
PO-1175,SUP-001,PDU / MEP Equipment,8537.10,2025-08-09,40,3523.8,DDP,Air,2025-08-23,2025-08-22,1,N,Delivered
PO-1337,SUP-001,gpu servers,8471.50,2025-08-10,2,22245.43,DDP,Truck,2025-08-15,2025-08-13,0,N,Delivered
PO-1015,SUP-001,PDU / MEP Equipment,8537.10,2025-08-10,10,2524.0,DDP,Air,2025-08-22,2025-08-29,1,N,Delivered
PO-1222,SUP-003,PDU / MEP Equipment,8537.10,2025-08-10,20,1732.86,CIF,Ocean,2025-10-02,2025-10-11,9,N,Delivered
PO-1008,SUP-001,PDU / MEP Equipment,8537.10,2025-08-11,20,3020.7,FOB,Truck,2025-08-23,2025-08-22,1,N,Delivered
PO-1278,SUP-003,PDU / MEP Equipment,8537.10,2025-08-12,40,1955.04,CIF,Air,2025-09-01,2025-08-30,3,N,Delivered
PO-1215,SUP-002,Network Switches,8517.62,2025-08-16,5,4924.06,CIF,Truck,2025-09-04,2025-09-02,3,N,Delivered
PO-1205,SUP-003,Network Switches,8517.62,2025-08-17,25,3320.87,CIF,Air,2025-09-07,2025-09-14,4,N,Delivered
PO-1209,SUP-001,GPU Servers,8471.50,2025-08-17,16,21455.75,FOB,Truck,2025-08-28,2025-08-26,0,N,Delivered
PO-1007,SUP-002,GPU Servers,8471.50,2025-08-18,8,17227.07,CIF,Ocean,2025-09-07,2025-09-05,3,N,Delivered
PO-1225,SUP-002,Network Switches,8517.62,2025-08-20,10,3263.24,CIF,Ocean,2025-09-04,2025-09-02,2,N,Delivered
PO-1102,SUP-002,GPU Servers,8471.50,2025-08-20,20,17685.13,CIF,Ocean,2025-09-06,2025-09-06,1,N,Delivered
PO-1036,SUP-003,PDU / MEP Equipment,8537.10,2025-08-22,16,2435.72,EXW,Air,2025-09-17,2025-09-15,8,N,Delivered
PO-1168,SUP-003,GPU Servers,8471.50,2025-08-23,5,14999.61,FOB,Ocean,2025-10-10,2025-10-08,8,N,Delivered
PO-1327,SUP-003,GPU Servers,8471.50,2025-08-24,2,13585.55,FOB,Air,2025-09-23,2025-09-21,4,N,Delivered
PO-1017,SUP-003,PDU / MEP Equipment,8537.10,2025-08-28,12,1928.18,EXW,Air,2025-09-28,2025-09-26,10,Y,Delivered
PO-1257,SUP-002,GPU Servers,8471.50,2025-08-31,5,21517.32,CIF,Ocean,2025-09-12,2025-09-12,1,N,Delivered
PO-1203,SUP-003,GPU Servers,8471.50,2025-09-04,20,17535.87,FOB,Air,2025-10-10,2025-10-08,4,N,Delivered
PO-1216,SUP-002,GPU Servers,8471.50,2025-09-05,25,16613.26,CIF,Ocean,2025-09-23,2025-09-21,1,N,Delivered
PO-1324,SUP-002,Network Switches,8517.62,2025-09-06,5,4306.39,FOB,Ocean,2025-09-24,2025-09-23,4,N,Delivered
PO-1143,SUP-001,PDU / MEP Equipment,8537.10,2025-09-06,10,2714.58,DDP,Truck,2025-09-18,2025-10-08,0,N,Delivered
PO-1086,SUP-003,PDU / MEP Equipment,8537.10,2025-09-07,16,1511.72,CIF,Air,2025-09-26,2025-09-24,9,Y,Delivered
PO-1092,SUP-001,PDU / MEP Equipment,8537.10,2025-09-09,5,2507.09,DDP,Air,2025-09-18,2025-09-18,1,N,Delivered
PO-1214,SUP-002,Network Switches,8517.62,2025-09-09,40,3700.0,FOB,Truck,2025-09-26,2025-09-24,1,Y,Delivered
PO-1243,SUP-003,GPU Servers,8471.50,2025-09-11,16,16024.16,FOB,Air,2025-10-19,2025-10-17,7,N,Delivered
PO-1295,SUP-001,GPU Servers,8471.50,2025-09-13,16,24419.09,FOB,Truck,2025-09-30,2025-09-29,1,N,Delivered
PO-1191,SUP-002,Network Switches,8517.62,2025-09-15,8,3790.2,CIF,Ocean,2025-10-11,2025-10-10,2,N,Delivered
PO-1213,SUP-002,Network Switches,8517.62,2025-09-16,10,4325.07,FOB,Truck,2025-09-30,2025-09-28,4,N,Delivered
PO-1325,SUP-001,GPU Servers,8471.50,2025-09-18,10,23550.97,FOB,Truck,2025-09-29,2025-09-28,1,N,Delivered
PO-1173,SUP-003,PDU / MEP Equipment,8537.10,2025-09-19,10,1782.77,FOB,Ocean,2025-10-17,2025-10-17,11,N,Delivered
PO-1069,SUP-001,GPU Servers,8471.50,2025-09-21,4,20171.88,DDP,Air,2025-10-10,2025-10-26,0,N,Delivered
PO-1131,SUP-001,GPU Servers,8471.50,2025-09-25,5,20527.97,FOB,Truck,2025-10-08,2025-10-08,1,N,Delivered
PO-1200,SUP-001,PDU / MEP Equipment,8537.10,2025-09-26,12,2338.25,FOB,Truck,2025-10-08,2025-10-06,1,N,Delivered
PO-1202,SUP-003,PDU / MEP Equipment,8537.10,2025-09-30,10,1501.81,FOB,Ocean,2025-10-29,2025-10-28,7,N,Delivered
PO-1006,SUP-002,Network Switches,8517.62,2025-10-06,4,3481.83,FOB,Truck,2025-10-22,2025-10-22,2,N,Delivered
PO-1274,SUP-003,Network Switches,8517.62,2025-10-07,12,3109.3,EXW,Air,2025-11-08,2025-11-07,8,N,Delivered
PO-1334,SUP-002,Network Switches,8517.62,2025-10-08,4,3587.65,CIF,Ocean,2025-10-26,2025-10-24,2,N,Delivered
PO-1194,SUP-001,PDU / MEP Equipment,8537.10,2025-10-11,40,2309.36,FOB,Truck,2025-10-22,2025-10-22,0,N,Delivered
PO-1000,SUP-003,PDU / MEP Equipment,8537.10,2025-10-14,4,2278.39,CIF,Ocean,2025-11-21,2025-11-19,12,N,Delivered
PO-1283,SUP-003,PDU / MEP Equipment,8537.10,2025-10-16,25,1690.96,CIF,Air,2025-11-10,2025-11-08,3,N,Delivered
PO-1183,SUP-001,PDU / MEP Equipment,8537.10,2025-10-19,40,3015.09,FOB,Air,2025-10-30,2025-10-30,1,N,Delivered
PO-1235,SUP-001,GPU Servers,8471.50,2025-10-20,2,23552.71,DDP,truck,2025-11-05,2025-11-05,0,N,Delivered
PO-1330,SUP-002,GPU Servers,8471.50,2025-10-21,2,18397.69,CIF,Truck,2025-11-11,2025-11-09,1,N,Delivered
PO-1181,SUP-002,Network Switches,8517.62,2025-10-21,20,4730.47,FOB,Truck,2025-11-08,2025-11-08,4,N,Delivered
PO-1196,SUP-002,Network Switches,8517.62,2025-10-27,2,3836.92,FOB,Truck,2025-11-17,2025-11-17,1,N,Delivered
PO-1093,SUP-003,Network Switches,8517.62,2025-10-27,4,3247.83,FOB,Air,2025-12-02,2025-12-14,9,N,Delivered
PO-1075,SUP-001,PDU / MEP Equipment,8537.10,2025-10-28,10,3217.97,DDP,Air,2025-11-04,2025-11-03,1,N,Delivered
PO-1005,SUP-001,GPU Servers,8471.50,2025-10-29,4,24319.46,DDP,Air,2025-11-12,2025-11-20,0,N,Delivered
PO-1193,SUP-003,PDU / MEP Equipment,8537.10,2025-10-30,4,2347.54,FOB,Air,2025-12-10,2025-12-10,10,N,Delivered
PO-1091,SUP-001,GPU Servers,8471.50,2025-11-02,5,23179.25,DDP,Truck,2025-11-14,2025-11-13,0,N,Delivered
PO-1160,SUP-002,Network Switches,8517.62,2025-11-02,12,4433.7,CIF,Ocean,2025-11-26,2025-11-24,4,N,Delivered
PO-1114,SUP-003,GPU Servers,8471.50,2025-11-03,16,17425.38,CIF,ocean,2025-12-11,2025-12-11,11,N,Delivered
PO-1099,SUP-001,PDU / MEP Equipment,8537.10,2025-11-04,4,3618.33,FOB,Truck,2025-11-18,2025-11-17,0,N,Delivered
PO-1313,SUP-002,Network Switches,8517.62,2025-11-04,20,4110.39,CIF,ocean,2025-11-15,2025-11-15,2,N,Delivered
PO-1176,SUP-002,GPU Servers,8471.50,2025-11-06,2,20316.4,CIF,Ocean,2025-11-27,2025-11-27,4,N,Delivered
PO-1029,SUP-003,GPU Servers,8471.50,2025-11-08,5,15404.94,EXW,Ocean,2025-12-21,2025-12-29,7,N,Delivered
PO-1040,SUP-002,Network Switches,8517.62,2025-11-09,16,4963.15,CIF,Truck,2025-11-30,2025-11-30,2,N,Delivered
PO-1284,SUP-003,GPU Servers,8471.50,2025-11-10,25,12896.34,FOB,Air,2025-12-07,2025-12-07,3,N,Delivered
PO-1094,SUP-003,Network Switches,8517.62,2025-11-11,20,1907.59,FOB,Air,2025-12-17,2025-12-16,12,N,Delivered
PO-1103,SUP-001,GPU Servers,8471.50,2025-11-13,4,19963.94,FOB,Air,2025-11-22,2025-11-26,1,N,Delivered
PO-1261,SUP-002,Network Switches,8517.62,2025-11-14,5,3604.31,CIF,Truck,2025-12-01,2025-11-30,4,N,Delivered
PO-1177,SUP-001,GPU Servers,8471.50,2025-11-22,12,23320.89,FOB,Air,2025-12-04,2025-12-03,0,N,Delivered
PO-1189,SUP-001,PDU / MEP Equipment,8537.10,2025-11-23,8,3289.53,DDP,Truck,2025-12-04,2025-12-03,0,N,Delivered
PO-1038,SUP-002,GPU Servers,8471.50,2025-11-23,4,17941.5,FOB,Ocean,2025-12-09,2025-12-09,1,N,Delivered
PO-1192,SUP-003,Network Switches,8517.62,2025-11-26,10,3087.37,CIF,Air,2026-01-09,2026-01-09,9,N,Delivered
PO-1247,SUP-002,GPU Servers,8471.50,2025-11-28,20,20972.22,FOB,Ocean,2025-12-16,2025-12-16,4,N,Delivered
PO-1338,SUP-003,Network Switches,8517.62,2025-11-29,4,2108.91,FOB,air,2025-12-19,2025-12-25,7,N,Delivered
PO-1223,SUP-003,GPU Servers,8471.50,2025-12-01,20,13702.98,FOB,Air,2025-12-27,2026-01-22,7,N,Delivered
PO-1061,SUP-002,GPU Servers,8471.50,2025-12-02,10,18090.64,FOB,Ocean,2025-12-18,2025-12-21,4,N,Delivered
PO-1132,SUP-002,GPU Servers,8471.50,2025-12-02,12,19438.37,FOB,Ocean,2025-12-16,2026-01-06,4,N,Delivered
PO-1110,SUP-002,Network Switches,8517.62,2025-12-03,2,5074.96,CIF,Truck,2025-12-16,2025-12-15,1,N,Delivered
PO-1062,SUP-002,GPU Servers,8471.50,2025-12-04,12,19105.23,CIF,Ocean,2025-12-21,2025-12-19,3,N,Delivered
PO-1238,SUP-002,GPU Servers,8471.50,2025-12-06,20,20506.33,CIF,Ocean,2025-12-24,2025-12-23,4,N,Delivered
PO-1179,SUP-001,GPU Servers,8471.50,2025-12-07,8,23341.01,DDP,Air,2025-12-17,2025-12-28,1,N,Delivered
PO-1201,SUP-003,GPU Servers,8471.50,2025-12-07,4,16744.93,EXW,Air,2026-01-05,2026-01-05,8,N,Delivered
PO-1246,SUP-002,GPU Servers,8471.50,2025-12-09,40,19112.92,CIF,Truck,2026-01-02,2026-01-01,4,N,Delivered
PO-1195,SUP-001,PDU / MEP Equipment,8537.10,2025-12-10,5,3244.1,FOB,Air,2025-12-19,2025-12-17,1,Y,Delivered
PO-1037,SUP-003,Network Switches,8517.62,2025-12-11,10,2834.95,FOB,Ocean,2026-01-11,2026-01-20,4,N,Delivered
PO-1234,SUP-001,PDU / MEP Equipment,8537.10,2025-12-11,25,4042.84,FOB,Truck,2025-12-17,2025-12-15,1,N,Delivered
PO-1158,SUP-003,PDU / MEP Equipment,8537.10,2025-12-11,16,1607.84,CIF,Air,2025-12-15,2025-12-14,9,N,Delivered
PO-1078,SUP-002,GPU Servers,8471.50,2025-12-13,5,19812.97,CIF,Ocean,2025-12-24,2025-12-22,4,N,Delivered
PO-1300,SUP-002,Network Switches,8517.62,2025-12-15,16,3961.83,CIF,Truck,2026-01-02,2026-01-02,2,N,Delivered
PO-1186,SUP-001,PDU / MEP Equipment,8537.10,2025-12-16,25,2808.09,DDP,Air,2025-12-31,2025-12-31,0,N,Delivered
PO-1186,SUP-001,PDU / MEP Equipment,8537.10,2025-12-16,25,2808.09,DDP,Air,2025-12-31,2025-12-31,0,N,Delivered
PO-1030,SUP-001,GPU Servers,8471.50,2025-12-23,10,18947.3,DDP,Truck,2026-01-04,2026-01-04,0,N,Delivered
PO-1124,SUP-001,GPU Servers,8471.50,2025-12-25,40,20656.95,DDP,Truck,2026-01-09,2026-01-08,0,N,Delivered
PO-1167,SUP-003,Network Switches,8517.62,2025-12-27,25,2763.21,FOB,Ocean,2026-01-26,2026-03-04,5,N,Delivered
PO-1260,SUP-002,Network Switches,8517.62,2025-12-28,40,4430.14,CIF,Truck,2026-01-06,2026-01-05,2,N,Delivered
PO-1028,SUP-002,Network Switches,8517.62,2025-12-29,12,3689.96,CIF,Ocean,2026-01-14,2026-01-22,1,N,Delivered
PO-1055,SUP-002,Network Switches,8517.62,2025-12-30,2,4981.79,FOB,Truck,2026-01-20,2026-01-18,1,N,Delivered
PO-1119,SUP-001,GPU Servers,8471.50,2025-12-30,4,22676.18,FOB,Air,2026-01-07,2026-01-06,0,N,Delivered
PO-1268,SUP-003,GPU Servers,8471.50,2025-12-31,5,13790.4,EXW,Ocean,2026-02-02,2026-03-03,3,N,Delivered
PO-1161,SUP-001,PDU / MEP Equipment,8537.10,2025-12-31,12,2286.08,DDP,Air,2026-01-07,2026-01-07,0,N,Delivered
PO-1065,SUP-002,GPU Servers,8471.50,2026-01-01,10,17609.98,FOB,truck,2026-01-18,2026-01-17,3,N,Delivered
PO-1096,SUP-003,PDU / MEP Equipment,8537.10,2026-01-01,40,2182.35,CIF,Ocean,2026-02-20,2026-02-18,4,N,Delivered
PO-1152,SUP-001,GPU Servers,8471.50,2026-01-02,5,21017.6,FOB,Air,2026-01-20,2026-01-19,0,N,Delivered
PO-1033,SUP-002,Network Switches,8517.62,2026-01-07,4,,CIF,Truck,2026-01-27,2026-01-25,2,N,Delivered
PO-1106,SUP-003,GPU Servers,8471.50,2026-01-08,8,15569.14,FOB,Ocean,2026-02-11,2026-02-10,6,N,Delivered
PO-1162,SUP-001,PDU / MEP Equipment,8537.10,2026-01-13,5,3155.96,FOB,Air,2026-01-29,2026-01-29,0,N,Delivered
PO-1137,SUP-002,Network Switches,8517.62,2026-01-13,16,4196.71,CIF,Truck,2026-02-04,2026-02-03,3,N,Delivered
PO-1248,SUP-001,PDU / MEP Equipment,8537.10,2026-01-14,8,3865.64,FOB,Truck,2026-02-01,2026-02-01,1,N,Delivered
PO-1182,SUP-001,PDU / MEP Equipment,8537.10,2026-01-15,2,3830.98,FOB,Air,2026-01-28,2026-01-27,1,N,Delivered
PO-1259,SUP-002,Network Switches,8517.62,2026-01-15,4,5158.07,CIF,Ocean,2026-02-01,2026-01-31,4,N,Delivered
PO-1184,SUP-003,Network Switches,8517.62,2026-01-15,40,2054.69,CIF,Ocean,2026-02-25,2026-03-11,3,N,Delivered
PO-1163,SUP-001,GPU Servers,8471.50,2026-01-16,2,23638.94,DDP,Air,2026-01-23,2026-01-23,1,N,Delivered
PO-1204,SUP-003,Network Switches,8517.62,2026-01-17,5,3119.2,FOB,Air,2026-02-06,2026-02-04,9,N,Delivered
PO-1298,SUP-002,Network Switches,8517.62,2026-01-18,10,3491.79,FOB,Ocean,2026-02-02,2026-02-02,3,N,Delivered
PO-1101,SUP-002,GPU Servers,8471.50,2026-01-18,10,,CIF,Truck,2026-02-06,2026-02-06,2,N,Delivered
PO-1148,SUP-002,Network Switches,8517.62,2026-01-24,4,4253.38,CIF,Truck,2026-02-09,2026-02-08,2,N,Delivered
PO-1328,SUP-001,GPU Servers,8471.50,2026-01-25,25,22491.18,FOB,Air,2026-02-07,2026-02-05,1,N,Delivered
PO-1218,SUP-002,GPU Servers,8471.50,2026-01-26,20,19724.63,FOB,Ocean,2026-02-13,2026-02-13,2,N,Delivered
PO-1322,SUP-003,PDU / MEP Equipment,8537.10,2026-01-28,10,2526.01,CIF,Ocean,2026-03-06,2026-03-06,12,N,Delivered
PO-1226,SUP-001,GPU Servers,8471.50,2026-01-29,20,20357.17,DDP,Air,2026-02-11,2026-02-09,1,N,Delivered
PO-1022,SUP-003,PDU / MEP Equipment,8537.10,2026-01-29,10,2563.5,FOB,Air,2026-02-20,2026-02-19,9,N,Delivered
PO-1089,SUP-003,Network Switches,8517.62,2026-01-30,25,2423.81,EXW,Ocean,2026-03-12,2026-04-14,7,Y,Delivered
PO-1035,SUP-001,GPU Servers,8471.50,2026-02-01,8,18944.27,DDP,Air,2026-02-15,2026-02-14,1,N,Delivered
PO-1138,SUP-001,GPU Servers,8471.50,2026-02-05,40,22237.34,DDP,Truck,2026-02-14,2026-02-14,0,N,Delivered
PO-1286,SUP-003,PDU / MEP Equipment,8537.10,2026-02-06,16,1543.71,CIF,Ocean,2026-03-06,2026-04-13,10,N,Delivered
PO-1240,SUP-002,Network Switches,8517.62,2026-02-08,4,4046.14,CIF,Ocean,2026-02-24,2026-02-22,3,Y,Delivered
PO-1050,SUP-001,PDU / MEP Equipment,8537.10,2026-02-08,2,3966.43,DDP,Air,2026-02-17,2026-03-08,0,N,Delivered
PO-1051,SUP-003,Network Switches,8517.62,2026-02-09,25,3112.18,CIF,Ocean,2026-03-10,2026-04-07,10,N,Delivered
PO-1139,SUP-003,Network Switches,8517.62,2026-02-11,4,2028.02,FOB,Air,2026-03-23,2026-03-23,5,N,Delivered
PO-1304,SUP-001,PDU / MEP Equipment,8537.10,2026-02-12,12,2524.69,DDP,Truck,2026-02-22,2026-02-22,0,N,Delivered
PO-1271,SUP-003,GPU Servers,8471.50,2026-02-12,10,16637.17,FOB,Air,2026-03-18,2026-03-18,4,N,Delivered
PO-1100,SUP-003,GPU Servers,8471.50,2026-02-16,12,15956.54,FOB,Ocean,2026-03-30,2026-05-06,7,N,Delivered
PO-1009,SUP-003,Network Switches,8517.62,2026-02-18,25,2336.84,EXW,Ocean,2026-03-06,2026-03-04,5,N,Delivered
PO-1297,SUP-001,GPU Servers,8471.50,2026-02-20,10,19417.15,DDP,Air,2026-03-05,2026-03-04,0,N,Delivered
PO-1121,SUP-003,GPU Servers,8471.50,2026-02-20,2,17552.26,CIF,Ocean,2026-03-27,2026-03-27,9,N,Delivered
PO-1272,SUP-003,PDU / MEP Equipment,8537.10,2026-02-22,12,2448.29,FOB,Air,2026-03-21,2026-03-20,12,N,Delivered
PO-1025,SUP-002,Network Switches,8517.62,2026-02-23,8,3511.56,FOB,Truck,2026-03-13,2026-03-13,4,N,Delivered
PO-1302,SUP-003,GPU Servers,8471.50,2026-03-04,20,17453.46,EXW,Ocean,2026-04-04,2026-04-29,11,N,Delivered
PO-1219,SUP-003,PDU / MEP Equipment,8537.10,2026-03-04,25,2234.9,EXW,Air,2026-04-11,2026-05-18,6,N,Delivered
PO-1034,SUP-003,PDU / MEP Equipment,8537.10,2026-03-04,12,2325.52,FOB,Ocean,2026-04-16,2026-04-16,7,N,Delivered
PO-1083,SUP-002,GPU Servers,8471.50,2026-03-07,8,21113.1,FOB,Ocean,2026-03-23,2026-03-22,2,N,Delivered
PO-1098,SUP-003,network switches,8517.62,2026-03-07,25,2388.1,FOB,Air,2026-04-01,2026-03-30,5,N,Delivered
PO-1187,SUP-002,Network Switches,8517.62,2026-03-08,2,4980.6,CIF,Truck,2026-03-26,2026-03-26,1,N,Delivered
PO-1296,SUP-001,GPU Servers,8471.50,2026-03-08,10,19110.69,DDP,Truck,2026-03-15,2026-03-26,0,N,Delivered
PO-1197,SUP-003,PDU / MEP Equipment,8537.10,2026-03-09,2,1540.48,FOB,Air,2026-04-10,2026-04-23,5,N,Delivered
PO-1301,SUP-002,network switches,8517.62,2026-03-11,5,5163.0,FOB,Truck,2026-03-25,2026-03-23,2,N,Delivered
PO-1010,SUP-003,GPU Servers,8471.50,2026-03-14,16,14202.29,FOB,Air,2026-04-07,2026-04-06,11,N,Delivered
PO-1288,SUP-001,PDU / MEP Equipment,8537.10,2026-03-15,25,3699.43,FOB,Air,2026-04-01,2026-03-30,0,N,Delivered
PO-1150,SUP-001,GPU Servers,8471.50,2026-03-15,8,24229.19,FOB,Truck,2026-03-23,2026-03-22,1,N,Delivered
PO-1250,SUP-001,GPU Servers,8471.50,2026-03-15,20,22724.48,DDP,Air,2026-03-28,2026-03-26,1,N,Delivered
PO-1312,SUP-002,GPU Servers,8471.50,2026-03-18,5,17064.43,CIF,Truck,2026-04-07,2026-04-05,1,N,Delivered
PO-1217,SUP-002,Network Switches,8517.62,2026-03-19,12,4263.09,cif,Ocean,2026-04-06,2026-04-04,4,N,Delivered
PO-1116,SUP-003,Network Switches,8517.62,2026-03-19,12,3176.71,CIF,Air,2026-04-14,2026-04-13,4,N,Delivered
PO-1059,SUP-003,Network Switches,8517.62,2026-03-20,25,2666.12,EXW,Air,2026-04-25,2026-05-01,10,N,Delivered
PO-1115,SUP-003,PDU / MEP Equipment,8537.10,2026-03-22,16,2423.61,FOB,air,2026-04-24,2026-04-22,9,N,Delivered
PO-1076,SUP-001,GPU Servers,8471.50,2026-03-24,10,18744.65,FOB,Truck,2026-04-02,2026-04-02,1,Y,Delivered
PO-1127,SUP-003,PDU / MEP Equipment,8537.10,2026-03-28,12,2495.89,CIF,Air,2026-05-05,2026-05-03,9,N,Delivered
PO-1129,SUP-003,pdu / mep equipment,8537.10,2026-03-28,4,2179.96,FOB,Air,2026-06-04,2026-06-04,6,N,Delivered
PO-1249,SUP-003,PDU / MEP Equipment,8537.10,2026-03-30,16,1884.18,EXW,Air,2026-05-18,2026-05-24,6,N,Delivered
PO-1081,SUP-002,GPU Servers,8471.50,2026-03-30,4,16970.12,FOB,Truck,2026-04-23,2026-05-09,3,Y,Delivered
PO-1048,SUP-003,Network Switches,8517.62,2026-04-01,8,2515.57,FOB,Ocean,2026-05-03,2026-05-02,5,N,Delivered
PO-1105,SUP-003,PDU / MEP Equipment,8537.10,2026-04-05,12,2157.37,CIF,Air,2026-05-12,2026-05-10,11,N,Delivered
PO-1047,SUP-002,GPU Servers,8471.50,2026-04-07,20,19048.0,FOB,Ocean,2026-04-23,2026-05-09,4,N,Delivered
PO-1211,SUP-003,Network Switches,8517.62,2026-04-10,16,2078.23,CIF,Ocean,2026-05-11,2026-06-06,8,N,Delivered
PO-1267,SUP-001,GPU Servers,8471.50,2026-04-11,20,19032.22,FOB,truck,2026-04-20,2026-04-18,0,N,Delivered
PO-1258,SUP-003,PDU / MEP Equipment,8537.10,2026-04-11,2,1950.96,EXW,Air,2026-04-29,2026-04-28,4,N,Delivered
PO-1220,SUP-002,Network Switches,8517.62,2026-04-11,25,4327.06,FOB,Truck,2026-05-07,2026-05-10,3,N,Delivered
PO-1147,SUP-003,PDU / MEP Equipment,8537.10,2026-04-12,16,1607.95,CIF,Air,2026-05-23,2026-05-26,6,Y,Delivered
PO-1306,SUP-002,Network Switches,8517.62,2026-04-13,4,4300.39,CIF,Truck,2026-05-01,2026-04-30,2,N,Delivered
PO-1255,SUP-002,GPU Servers,8471.50,2026-04-14,2,20588.46,FOB,Truck,2026-05-04,2026-05-03,3,N,Delivered
PO-1054,SUP-002,Network Switches,8517.62,2026-04-16,10,4795.62,CIF,Ocean,2026-05-04,2026-05-03,1,N,Delivered
PO-1046,SUP-003,PDU / MEP Equipment,8537.10,2026-04-18,25,1777.23,CIF,Air,2026-05-22,2026-05-21,10,N,Delivered
PO-1208,SUP-001,PDU / MEP Equipment,8537.10,2026-04-18,20,2411.28,DDP,Truck,2026-05-02,2026-05-02,1,N,Delivered
PO-1151,SUP-003,GPU Servers,8471.50,2026-04-19,40,16341.91,CIF,Ocean,2026-05-31,2026-05-30,5,N,Delivered
PO-1027,SUP-002,GPU Servers,8471.50,2026-04-19,2,17719.55,FOB,Truck,2026-05-05,2026-05-03,2,N,Delivered
PO-1273,SUP-001,GPU Servers,8471.50,2026-04-20,12,24025.23,DDP,Truck,2026-05-02,2026-05-02,1,N,Delivered
PO-1060,SUP-001,PDU / MEP Equipment,8537.10,2026-04-21,5,2427.74,DDP,Air,2026-04-28,2026-04-27,1,N,Delivered
PO-1042,SUP-001,PDU / MEP Equipment,8537.10,2026-04-27,8,3645.49,FOB,Truck,2026-05-10,2026-05-10,1,N,Delivered
PO-1224,SUP-002,GPU Servers,8471.50,2026-04-28,20,19468.47,CIF,Truck,2026-05-07,2026-05-07,3,N,Delivered
PO-1169,SUP-002,GPU Servers,8471.50,2026-04-29,5,19255.45,FOB,Truck,2026-05-12,2026-05-12,3,N,Delivered
PO-1077,SUP-002,Network Switches,8517.62,2026-05-02,10,4340.88,CIF,Ocean,2026-05-17,2026-05-16,1,N,Delivered
PO-1073,SUP-001,PDU / MEP Equipment,8537.10,2026-05-02,10,3583.61,DDP,Truck,2026-05-16,2026-05-14,0,N,Delivered
PO-1018,SUP-001,GPU Servers,8471.50,2026-05-05,16,18706.33,FOB,Air,2026-05-16,2026-05-15,1,N,Delivered
PO-1185,SUP-001,PDU / MEP Equipment,8537.10,2026-05-06,40,3914.85,FOB,Air,2026-05-20,2026-05-18,1,N,Delivered
PO-1190,SUP-002,GPU Servers,8471.50,2026-05-10,5,17841.98,CIF,Ocean,2026-05-24,2026-05-23,3,N,Delivered
PO-1263,SUP-003,PDU / MEP Equipment,8537.10,2026-05-17,25,1814.8,FOB,Air,2026-06-11,2026-06-10,10,N,Delivered
PO-1052,SUP-001,PDU / MEP Equipment,8537.10,2026-05-18,16,3726.98,DDP,Truck,2026-06-01,2026-05-31,0,N,Delivered
PO-1141,SUP-003,Network Switches,8517.62,2026-05-18,5,2856.14,EXW,Ocean,2026-06-15,2026-06-13,8,Y,Delivered
PO-1023,SUP-003,GPU Servers,8471.50,2026-05-19,8,16520.64,CIF,Ocean,2026-06-23,2026-06-22,8,N,Delivered
PO-1264,SUP-002,GPU Servers,8471.50,2026-05-21,2,19938.32,FOB,Ocean,2026-06-07,2026-06-07,1,N,Delivered
PO-1085,SUP-001,PDU / MEP Equipment,8537.10,2026-05-22,25,3254.88,DDP,Air,2026-05-30,2026-05-29,1,N,Delivered
PO-1166,SUP-003,Network Switches,8517.62,2026-05-23,4,3310.35,CIF,Air,2026-06-26,2026-06-24,4,N,Delivered
PO-1068,SUP-003,PDU / MEP Equipment,8537.10,2026-05-23,40,1461.77,FOB,Air,2026-06-26,2026-06-24,8,N,Delivered
PO-1227,SUP-003,GPU Servers,8471.50,2026-05-23,12,16706.22,CIF,Air,2026-07-12,2026-07-12,5,N,Delivered
PO-1318,SUP-002,Network Switches,8517.62,2026-05-25,20,4090.31,FOB,Truck,2026-06-14,2026-06-12,2,Y,Delivered
PO-1285,SUP-003,PDU / MEP Equipment,8537.10,2026-05-27,20,1786.49,EXW,Ocean,2026-06-17,2026-06-15,8,N,Delivered
PO-1245,SUP-003,GPU Servers,8471.50,2026-05-28,20,16023.55,FOB,Ocean,2026-07-12,2026-07-10,9,N,Delivered
PO-1087,SUP-002,Network Switches,8517.62,2026-05-28,25,4984.15,CIF,Truck,2026-06-15,2026-06-20,4,N,Delivered
PO-1159,SUP-002,Network Switches,8517.62,2026-05-29,25,4011.09,FOB,Ocean,2026-06-11,2026-06-10,1,N,Delivered
PO-1253,SUP-002,GPU Servers,8471.50,2026-06-02,20,18649.86,CIF,Truck,2026-06-12,2026-06-10,1,N,Delivered
PO-1024,SUP-001,PDU / MEP Equipment,8537.10,2026-06-04,5,2368.14,FOB,Truck,2026-06-18,2026-07-05,0,N,Delivered
PO-1336,SUP-001,GPU Servers,8471.50,2026-06-04,40,23938.83,FOB,Truck,2026-06-18,2026-06-18,1,N,Delivered
PO-1153,SUP-003,GPU Servers,8471.50,2026-06-09,25,13989.11,FOB,Ocean,2026-07-22,,9,N,In Transit
PO-1111,SUP-002,GPU Servers,8471.50,2026-06-15,25,21542.0,FOB,Ocean,2026-07-04,,4,N,In Transit
PO-1157,SUP-002,GPU Servers,8471.50,2026-06-17,20,16747.87,fob,Ocean,2026-07-08,,3,N,In Transit
PO-1165,SUP-003,Network Switches,8517.62,2026-06-20,4,2863.63,FOB,Air,2026-07-28,,6,N,In Transit
PO-1039,SUP-003,PDU / MEP Equipment,8537.10,2026-06-22,8,1790.22,EXW,Air,2026-07-24,,12,N,In Transit
PO-1026,SUP-003,GPU Servers,8471.50,2026-06-25,8,14665.65,FOB,Ocean,2026-07-27,,7,N,In Transit
PO-1339,SUP-002,Network Switches,8517.62,2026-06-25,16,4767.45,FOB,Truck,2026-07-17,,1,N,In Transit
PO-1071,SUP-002,Network Switches,8517.62,2026-06-25,10,4127.85,CIF,Ocean,2026-07-14,,1,N,In Transit
PO-1335,SUP-002,GPU Servers,8471.50,2026-06-25,20,21237.62,FOB,Ocean,2026-07-19,,3,N,In Transit
PO-1293,SUP-003,Network Switches,8517.62,2026-06-26,40,2444.62,FOB,Air,2026-07-28,,11,N,In Transit
PO-1199,SUP-003,GPU Servers,8471.50,2026-06-26,25,13285.39,EXW,Ocean,2026-07-24,,8,N,In Transit
PO-1188,SUP-002,Network Switches,8517.62,2026-06-26,16,5096.28,FOB,truck,2026-07-15,,1,N,In Transit
PO-1170,SUP-002,GPU Servers,8471.50,2026-06-28,40,21582.67,CIF,Truck,2026-07-15,,4,N,In Transit
